#
# There is insufficient memory for the Java Runtime Environment to continue.
# Native memory allocation (mmap) failed to map 1048576 bytes for G1 virtual space
# Possible reasons:
#   The system is out of physical RAM or swap space
#   The process is running with CompressedOops enabled, and the Java Heap may be blocking the growth of the native heap
# Possible solutions:
#   Reduce memory load on the system
#   Increase physical memory or swap space
#   Check if swap backing store is full
#   Decrease Java heap size (-Xmx/-Xms)
#   Decrease number of Java threads
#   Decrease Java thread stack sizes (-Xss)
#   Set larger code cache with -XX:ReservedCodeCacheSize=
#   JVM is running with Unscaled Compressed Oops mode in which the Java heap is
#     placed in the first 4GB address space. The Java Heap base address is the
#     maximum limit for the native heap growth. Please use -XX:HeapBaseMinAddress
#     to set the Java Heap base and to place the Java Heap above 4GB virtual address.
# This output file may be truncated or incomplete.
#
#  Out of Memory Error (os_windows.cpp:3603), pid=17620, tid=18264
#
# JRE version: Java(TM) SE Runtime Environment (21.0.8+12) (build 21.0.8+12-LTS-250)
# Java VM: Java HotSpot(TM) 64-Bit Server VM (21.0.8+12-LTS-250, mixed mode, sharing, tiered, compressed oops, compressed class ptrs, g1 gc, windows-amd64)
# No core dump will be written. Minidumps are not enabled by default on client versions of Windows
#

---------------  S U M M A R Y ------------

Command Line: -Dfile.encoding=UTF-8 -Duser.country=US -Duser.language=en -Duser.variant com.example.WorkWite_Repo_BE.WorkWiteRepoBeApplication

Host: 11th Gen Intel(R) Core(TM) i5-11300H @ 3.10GHz, 8 cores, 7G,  Windows 11 , 64 bit Build 22621 (10.0.22621.5415)
Time: Thu Sep 25 14:10:50 2025 SE Asia Standard Time elapsed time: 196.117763 seconds (0d 0h 3m 16s)

---------------  T H R E A D  ---------------

Current thread (0x000001d19582cf30):  JavaThread "http-nio-8080-exec-4" daemon [_thread_in_vm, id=18264, stack(0x00000056f9e00000,0x00000056f9f00000) (1024K)]

Stack: [0x00000056f9e00000,0x00000056f9f00000]
Native frames: (J=compiled Java code, j=interpreted, Vv=VM code, C=native code)
V  [jvm.dll+0x6cc179]
V  [jvm.dll+0x8584c1]
V  [jvm.dll+0x85a9ee]
V  [jvm.dll+0x85b0c3]
V  [jvm.dll+0x27ebf6]
V  [jvm.dll+0x6c88f5]
V  [jvm.dll+0x6bd45a]
V  [jvm.dll+0x354b1a]
V  [jvm.dll+0x35c796]
V  [jvm.dll+0x3af55b]
V  [jvm.dll+0x3afbf4]
V  [jvm.dll+0x3af766]
V  [jvm.dll+0x32925e]
V  [jvm.dll+0x32751f]
V  [jvm.dll+0x65e0e0]
V  [jvm.dll+0x23e6e2]
V  [jvm.dll+0x81e3e7]
V  [jvm.dll+0x727cc9]
C  0x000001d14147f1a9

The last pc belongs to _new_array_nozero_Java (printed below).
Java frames: (J=compiled Java code, j=interpreted, Vv=VM code)
v  ~RuntimeStub::_new_array_nozero_Java 0x000001d14147f1a9
J 5679 c2 java.lang.String.<init>(Ljava/nio/charset/Charset;[BII)V java.base@21.0.8 (890 bytes) @ 0x000001d141c5bc70 [0x000001d141c5b1e0+0x0000000000000a90]
J 12799 c2 com.mysql.cj.util.StringUtils.toString([BIILjava/lang/String;)Ljava/lang/String; (62 bytes) @ 0x000001d142064788 [0x000001d1420644e0+0x00000000000002a8]
J 8068 c1 com.mysql.cj.result.StringValueFactory.createFromBytes([BIILcom/mysql/cj/result/Field;)Ljava/lang/String; (45 bytes) @ 0x000001d13ab78bfc [0x000001d13ab78780+0x000000000000047c]
J 8067 c1 com.mysql.cj.result.StringValueFactory.createFromBytes([BIILcom/mysql/cj/result/Field;)Ljava/lang/Object; (10 bytes) @ 0x000001d13ab783bc [0x000001d13ab78340+0x000000000000007c]
J 8066 c1 com.mysql.cj.protocol.a.MysqlTextValueDecoder.decodeByteArray([BIILcom/mysql/cj/result/Field;Lcom/mysql/cj/result/ValueFactory;)Ljava/lang/Object; (13 bytes) @ 0x000001d13ab77fcc [0x000001d13ab77ec0+0x000000000000010c]
J 13315 c1 com.mysql.cj.protocol.result.AbstractResultsetRow.decodeAndCreateReturnValue(I[BIILcom/mysql/cj/result/ValueFactory;)Ljava/lang/Object; (1125 bytes) @ 0x000001d13a4ecf84 [0x000001d13a4ead20+0x0000000000002264]
J 13179 c2 com.mysql.cj.protocol.a.result.TextBufferRow.getValue(ILcom/mysql/cj/result/ValueFactory;)Ljava/lang/Object; (40 bytes) @ 0x000001d1420a2620 [0x000001d1420a2300+0x0000000000000320]
J 8083 c1 com.mysql.cj.jdbc.result.ResultSetImpl.getString(I)Ljava/lang/String; (181 bytes) @ 0x000001d13ab79bac [0x000001d13ab796e0+0x00000000000004cc]
j  com.mysql.cj.jdbc.result.ResultSetImpl.getStringForClob(I)Ljava/lang/String;+31
J 13703 c1 com.mysql.cj.jdbc.result.ResultSetImpl.getClob(I)Ljava/sql/Clob; (35 bytes) @ 0x000001d13a446b0c [0x000001d13a446a80+0x000000000000008c]
j  com.zaxxer.hikari.pool.HikariProxyResultSet.getClob(I)Ljava/sql/Clob;+5
j  org.hibernate.type.descriptor.jdbc.ClobJdbcType$1.doExtract(Ljava/sql/ResultSet;ILorg/hibernate/type/descriptor/WrapperOptions;)Ljava/lang/Object;+6
J 11675 c1 org.hibernate.type.descriptor.jdbc.BasicExtractor.extract(Ljava/sql/ResultSet;ILorg/hibernate/type/descriptor/WrapperOptions;)Ljava/lang/Object; (83 bytes) @ 0x000001d13b1365b4 [0x000001d13b136480+0x0000000000000134]
J 12244 c1 org.hibernate.sql.results.jdbc.internal.JdbcValuesResultSetImpl.getCurrentRowValue(I)Ljava/lang/Object; (108 bytes) @ 0x000001d13b227acc [0x000001d13b227640+0x000000000000048c]
J 11645 c1 org.hibernate.sql.results.graph.basic.BasicResultAssembler.assemble(Lorg/hibernate/sql/results/jdbc/spi/RowProcessingState;)Ljava/lang/Object; (102 bytes) @ 0x000001d13b1273cc [0x000001d13b127080+0x000000000000034c]
J 12797 c1 org.hibernate.sql.results.graph.entity.internal.EntityInitializerImpl.extractConcreteTypeStateValues(Lorg/hibernate/sql/results/graph/entity/internal/EntityInitializerImpl$EntityInitializerData;)[Ljava/lang/Object; (82 bytes) @ 0x000001d13b32fb4c [0x000001d13b32f360+0x00000000000007ec]
j  org.hibernate.sql.results.graph.entity.internal.EntityInitializerImpl.initializeEntityInstance(Lorg/hibernate/sql/results/graph/entity/internal/EntityInitializerImpl$EntityInitializerData;)V+54
j  org.hibernate.sql.results.graph.entity.internal.EntityInitializerImpl.initializeInstance(Lorg/hibernate/sql/results/graph/entity/internal/EntityInitializerImpl$EntityInitializerData;)V+43
j  org.hibernate.sql.results.graph.entity.internal.EntityInitializerImpl.initializeInstance(Lorg/hibernate/sql/results/graph/InitializerData;)V+5
J 12675 c1 org.hibernate.sql.results.internal.StandardRowReader.coordinateInitializers(Lorg/hibernate/sql/results/jdbc/spi/RowProcessingState;)V (133 bytes) @ 0x000001d13b2e97a4 [0x000001d13b2e91c0+0x00000000000005e4]
J 12674 c1 org.hibernate.sql.results.internal.StandardRowReader.readRow(Lorg/hibernate/sql/results/jdbc/spi/RowProcessingState;)Ljava/lang/Object; (136 bytes) @ 0x000001d13b2ea014 [0x000001d13b2e9f80+0x0000000000000094]
j  org.hibernate.sql.results.spi.ListResultsConsumer.read(Lorg/hibernate/sql/results/internal/RowProcessingStateStandardImpl;Lorg/hibernate/sql/results/spi/RowReader;Lorg/hibernate/sql/results/spi/ListResultsConsumer$Results;)I+12
j  org.hibernate.sql.results.spi.ListResultsConsumer.consume(Lorg/hibernate/sql/results/jdbc/spi/JdbcValues;Lorg/hibernate/engine/spi/SharedSessionContractImplementor;Lorg/hibernate/sql/results/jdbc/spi/JdbcValuesSourceProcessingOptions;Lorg/hibernate/sql/results/jdbc/internal/JdbcValuesSourceProcessingStateStandardImpl;Lorg/hibernate/sql/results/internal/RowProcessingStateStandardImpl;Lorg/hibernate/sql/results/spi/RowReader;)Ljava/util/List;+239
j  org.hibernate.sql.results.spi.ListResultsConsumer.consume(Lorg/hibernate/sql/results/jdbc/spi/JdbcValues;Lorg/hibernate/engine/spi/SharedSessionContractImplementor;Lorg/hibernate/sql/results/jdbc/spi/JdbcValuesSourceProcessingOptions;Lorg/hibernate/sql/results/jdbc/internal/JdbcValuesSourceProcessingStateStandardImpl;Lorg/hibernate/sql/results/internal/RowProcessingStateStandardImpl;Lorg/hibernate/sql/results/spi/RowReader;)Ljava/lang/Object;+10
j  org.hibernate.sql.exec.internal.JdbcSelectExecutorStandardImpl.doExecuteQuery(Lorg/hibernate/sql/exec/spi/JdbcOperationQuerySelect;Lorg/hibernate/sql/exec/spi/JdbcParameterBindings;Lorg/hibernate/sql/exec/spi/ExecutionContext;Lorg/hibernate/sql/results/spi/RowTransformer;Ljava/lang/Class;ILorg/hibernate/sql/exec/spi/JdbcSelectExecutor$StatementCreator;Lorg/hibernate/sql/results/spi/ResultsConsumer;)Ljava/lang/Object;+295
j  org.hibernate.sql.exec.internal.JdbcSelectExecutorStandardImpl.executeQuery(Lorg/hibernate/sql/exec/spi/JdbcOperationQuerySelect;Lorg/hibernate/sql/exec/spi/JdbcParameterBindings;Lorg/hibernate/sql/exec/spi/ExecutionContext;Lorg/hibernate/sql/results/spi/RowTransformer;Ljava/lang/Class;ILorg/hibernate/sql/exec/spi/JdbcSelectExecutor$StatementCreator;Lorg/hibernate/sql/results/spi/ResultsConsumer;)Ljava/lang/Object;+66
j  org.hibernate.sql.exec.spi.JdbcSelectExecutor.executeQuery(Lorg/hibernate/sql/exec/spi/JdbcOperationQuerySelect;Lorg/hibernate/sql/exec/spi/JdbcParameterBindings;Lorg/hibernate/sql/exec/spi/ExecutionContext;Lorg/hibernate/sql/results/spi/RowTransformer;Ljava/lang/Class;ILorg/hibernate/sql/results/spi/ResultsConsumer;)Ljava/lang/Object;+16
j  org.hibernate.sql.exec.spi.JdbcSelectExecutor.list(Lorg/hibernate/sql/exec/spi/JdbcOperationQuerySelect;Lorg/hibernate/sql/exec/spi/JdbcParameterBindings;Lorg/hibernate/sql/exec/spi/ExecutionContext;Lorg/hibernate/sql/results/spi/RowTransformer;Ljava/lang/Class;Lorg/hibernate/sql/results/spi/ListResultsConsumer$UniqueSemantic;I)Ljava/util/List;+15
j  org.hibernate.query.sqm.internal.ConcreteSqmSelectQueryPlan.lambda$new$1(Ljava/lang/String;Lorg/hibernate/query/sqm/tree/select/SqmSelectStatement;Ljava/lang/Class;Lorg/hibernate/sql/results/internal/TupleMetadata;Lorg/hibernate/sql/results/spi/ListResultsConsumer$UniqueSemantic;Lorg/hibernate/query/sqm/internal/DomainParameterXref;Ljava/lang/Void;Lorg/hibernate/query/spi/DomainQueryExecutionContext;Lorg/hibernate/query/sqm/internal/ConcreteSqmSelectQueryPlan$CacheableSqmInterpretation;Lorg/hibernate/sql/exec/spi/JdbcParameterBindings;)Ljava/util/List;+143
j  org.hibernate.query.sqm.internal.ConcreteSqmSelectQueryPlan$$Lambda+0x000001d150d51198.interpret(Ljava/lang/Object;Lorg/hibernate/query/spi/DomainQueryExecutionContext;Lorg/hibernate/query/sqm/internal/ConcreteSqmSelectQueryPlan$CacheableSqmInterpretation;Lorg/hibernate/sql/exec/spi/JdbcParameterBindings;)Ljava/lang/Object;+32
j  org.hibernate.query.sqm.internal.ConcreteSqmSelectQueryPlan.withCacheableSqmInterpretation(Lorg/hibernate/query/spi/DomainQueryExecutionContext;Ljava/lang/Object;Lorg/hibernate/query/sqm/internal/ConcreteSqmSelectQueryPlan$SqmInterpreter;)Ljava/lang/Object;+259
j  org.hibernate.query.sqm.internal.ConcreteSqmSelectQueryPlan.performList(Lorg/hibernate/query/spi/DomainQueryExecutionContext;)Ljava/util/List;+28
j  org.hibernate.query.sqm.internal.QuerySqmImpl.doList()Ljava/util/List;+65
j  org.hibernate.query.spi.AbstractSelectionQuery.list()Ljava/util/List;+8
j  org.hibernate.query.Query.getResultList()Ljava/util/List;+1
j  org.springframework.data.jpa.repository.support.SimpleJpaRepository.findAll()Ljava/util/List;+8
J 7196 c1 java.lang.invoke.DirectMethodHandle$Holder.invokeVirtual(Ljava/lang/Object;Ljava/lang/Object;)Ljava/lang/Object; java.base@21.0.8 (14 bytes) @ 0x000001d13a86337c [0x000001d13a862fe0+0x000000000000039c]
J 2408 c1 java.lang.invoke.LambdaForm$MH+0x000001d150038000.invoke(Ljava/lang/Object;Ljava/lang/Object;)Ljava/lang/Object; java.base@21.0.8 (35 bytes) @ 0x000001d13a2a8d6c [0x000001d13a2a8800+0x000000000000056c]
J 11025 c2 java.lang.reflect.Method.invoke(Ljava/lang/Object;[Ljava/lang/Object;)Ljava/lang/Object; java.base@21.0.8 (108 bytes) @ 0x000001d141f33250 [0x000001d141f33000+0x0000000000000250]
j  org.springframework.aop.support.AopUtils.invokeJoinpointUsingReflection(Ljava/lang/Object;Ljava/lang/reflect/Method;[Ljava/lang/Object;)Ljava/lang/Object;+34
j  org.springframework.data.repository.core.support.RepositoryMethodInvoker$RepositoryFragmentMethodInvoker.lambda$new$0(Lorg/springframework/data/repository/core/support/RepositoryMethodInvoker$RepositoryFragmentMethodInvoker$CoroutineAdapterInformation;Ljava/lang/Object;Ljava/lang/reflect/Method;[Ljava/lang/Object;)Ljava/lang/Object;+38
j  org.springframework.data.repository.core.support.RepositoryMethodInvoker$RepositoryFragmentMethodInvoker$$Lambda+0x000001d150d3dc08.invoke([Ljava/lang/Object;)Ljava/lang/Object;+13
j  org.springframework.data.repository.core.support.RepositoryMethodInvoker.doInvoke(Ljava/lang/Class;Lorg/springframework/data/repository/core/support/RepositoryInvocationMulticaster;[Ljava/lang/Object;)Ljava/lang/Object;+11
j  org.springframework.data.repository.core.support.RepositoryMethodInvoker.invoke(Ljava/lang/Class;Lorg/springframework/data/repository/core/support/RepositoryInvocationMulticaster;[Ljava/lang/Object;)Ljava/lang/Object;+4
j  org.springframework.data.repository.core.support.RepositoryComposition$RepositoryFragments.invoke(Ljava/lang/Class;Lorg/springframework/data/repository/core/support/RepositoryInvocationMulticaster;Ljava/lang/reflect/Method;Ljava/lang/reflect/Method;[Ljava/lang/Object;)Ljava/lang/Object;+113
j  org.springframework.data.repository.core.support.RepositoryComposition.invoke(Lorg/springframework/data/repository/core/support/RepositoryInvocationMulticaster;Ljava/lang/reflect/Method;[Ljava/lang/Object;)Ljava/lang/Object;+84
j  org.springframework.data.repository.core.support.RepositoryFactorySupport$ImplementationMethodExecutionInterceptor.invoke(Lorg/aopalliance/intercept/MethodInvocation;)Ljava/lang/Object;+24
j  org.springframework.aop.framework.ReflectiveMethodInvocation.proceed()Ljava/lang/Object;+120
j  org.springframework.data.repository.core.support.QueryExecutorMethodInterceptor.doInvoke(Lorg/aopalliance/intercept/MethodInvocation;)Ljava/lang/Object;+88
j  org.springframework.data.repository.core.support.QueryExecutorMethodInterceptor.invoke(Lorg/aopalliance/intercept/MethodInvocation;)Ljava/lang/Object;+46
j  org.springframework.aop.framework.ReflectiveMethodInvocation.proceed()Ljava/lang/Object;+120
j  org.springframework.data.projection.DefaultMethodInvokingMethodInterceptor.invoke(Lorg/aopalliance/intercept/MethodInvocation;)Ljava/lang/Object;+15
j  org.springframework.aop.framework.ReflectiveMethodInvocation.proceed()Ljava/lang/Object;+120
j  org.springframework.transaction.interceptor.TransactionInterceptor$$Lambda+0x000001d150d38a90.proceedWithInvocation()Ljava/lang/Object;+4
j  org.springframework.transaction.interceptor.TransactionAspectSupport.invokeWithinTransaction(Ljava/lang/reflect/Method;Ljava/lang/Class;Lorg/springframework/transaction/interceptor/TransactionAspectSupport$InvocationCallback;)Ljava/lang/Object;+193
j  org.springframework.transaction.interceptor.TransactionInterceptor.invoke(Lorg/aopalliance/intercept/MethodInvocation;)Ljava/lang/Object;+42
j  org.springframework.aop.framework.ReflectiveMethodInvocation.proceed()Ljava/lang/Object;+120
j  org.springframework.dao.support.PersistenceExceptionTranslationInterceptor.invoke(Lorg/aopalliance/intercept/MethodInvocation;)Ljava/lang/Object;+1
j  org.springframework.aop.framework.ReflectiveMethodInvocation.proceed()Ljava/lang/Object;+120
j  org.springframework.data.jpa.repository.support.CrudMethodMetadataPostProcessor$CrudMethodMetadataPopulatingMethodInterceptor.invoke(Lorg/aopalliance/intercept/MethodInvocation;)Ljava/lang/Object;+139
j  org.springframework.aop.framework.ReflectiveMethodInvocation.proceed()Ljava/lang/Object;+120
j  org.springframework.aop.framework.JdkDynamicAopProxy.invoke(Ljava/lang/Object;Ljava/lang/reflect/Method;[Ljava/lang/Object;)Ljava/lang/Object;+392
j  jdk.proxy4.$Proxy186.findAll()Ljava/util/List;+9 jdk.proxy4
j  com.example.WorkWite_Repo_BE.services.BlogService.getAllBlog()Ljava/util/List;+4
j  com.example.WorkWite_Repo_BE.controlers.BlogController.getAllBlogs()Lorg/springframework/http/ResponseEntity;+4
J 7196 c1 java.lang.invoke.DirectMethodHandle$Holder.invokeVirtual(Ljava/lang/Object;Ljava/lang/Object;)Ljava/lang/Object; java.base@21.0.8 (14 bytes) @ 0x000001d13a86337c [0x000001d13a862fe0+0x000000000000039c]
J 2408 c1 java.lang.invoke.LambdaForm$MH+0x000001d150038000.invoke(Ljava/lang/Object;Ljava/lang/Object;)Ljava/lang/Object; java.base@21.0.8 (35 bytes) @ 0x000001d13a2a8d6c [0x000001d13a2a8800+0x000000000000056c]
J 11025 c2 java.lang.reflect.Method.invoke(Ljava/lang/Object;[Ljava/lang/Object;)Ljava/lang/Object; java.base@21.0.8 (108 bytes) @ 0x000001d141f33250 [0x000001d141f33000+0x0000000000000250]
j  org.springframework.web.method.support.InvocableHandlerMethod.doInvoke([Ljava/lang/Object;)Ljava/lang/Object;+55
j  org.springframework.web.method.support.InvocableHandlerMethod.invokeForRequest(Lorg/springframework/web/context/request/NativeWebRequest;Lorg/springframework/web/method/support/ModelAndViewContainer;[Ljava/lang/Object;)Ljava/lang/Object;+82
j  org.springframework.web.servlet.mvc.method.annotation.ServletInvocableHandlerMethod.invokeAndHandle(Lorg/springframework/web/context/request/ServletWebRequest;Lorg/springframework/web/method/support/ModelAndViewContainer;[Ljava/lang/Object;)V+4
j  org.springframework.web.servlet.mvc.method.annotation.RequestMappingHandlerAdapter.invokeHandlerMethod(Ljakarta/servlet/http/HttpServletRequest;Ljakarta/servlet/http/HttpServletResponse;Lorg/springframework/web/method/HandlerMethod;)Lorg/springframework/web/servlet/ModelAndView;+309
j  org.springframework.web.servlet.mvc.method.annotation.RequestMappingHandlerAdapter.handleInternal(Ljakarta/servlet/http/HttpServletRequest;Ljakarta/servlet/http/HttpServletResponse;Lorg/springframework/web/method/HandlerMethod;)Lorg/springframework/web/servlet/ModelAndView;+81
j  org.springframework.web.servlet.mvc.method.AbstractHandlerMethodAdapter.handle(Ljakarta/servlet/http/HttpServletRequest;Ljakarta/servlet/http/HttpServletResponse;Ljava/lang/Object;)Lorg/springframework/web/servlet/ModelAndView;+7
j  org.springframework.web.servlet.DispatcherServlet.doDispatch(Ljakarta/servlet/http/HttpServletRequest;Ljakarta/servlet/http/HttpServletResponse;)V+304
j  org.springframework.web.servlet.DispatcherServlet.doService(Ljakarta/servlet/http/HttpServletRequest;Ljakarta/servlet/http/HttpServletResponse;)V+242
j  org.springframework.web.servlet.FrameworkServlet.processRequest(Ljakarta/servlet/http/HttpServletRequest;Ljakarta/servlet/http/HttpServletResponse;)V+70
j  org.springframework.web.servlet.FrameworkServlet.doGet(Ljakarta/servlet/http/HttpServletRequest;Ljakarta/servlet/http/HttpServletResponse;)V+3
j  jakarta.servlet.http.HttpServlet.service(Ljakarta/servlet/http/HttpServletRequest;Ljakarta/servlet/http/HttpServletResponse;)V+35
j  org.springframework.web.servlet.FrameworkServlet.service(Ljakarta/servlet/http/HttpServletRequest;Ljakarta/servlet/http/HttpServletResponse;)V+20
j  jakarta.servlet.http.HttpServlet.service(Ljakarta/servlet/ServletRequest;Ljakarta/servlet/ServletResponse;)V+37
j  org.apache.catalina.core.ApplicationFilterChain.internalDoFilter(Ljakarta/servlet/ServletRequest;Ljakarta/servlet/ServletResponse;)V+300
j  org.apache.catalina.core.ApplicationFilterChain.doFilter(Ljakarta/servlet/ServletRequest;Ljakarta/servlet/ServletResponse;)V+99
j  org.apache.tomcat.websocket.server.WsFilter.doFilter(Ljakarta/servlet/ServletRequest;Ljakarta/servlet/ServletResponse;Ljakarta/servlet/FilterChain;)V+21
j  org.apache.catalina.core.ApplicationFilterChain.internalDoFilter(Ljakarta/servlet/ServletRequest;Ljakarta/servlet/ServletResponse;)V+130
j  org.apache.catalina.core.ApplicationFilterChain.doFilter(Ljakarta/servlet/ServletRequest;Ljakarta/servlet/ServletResponse;)V+99
j  org.springframework.web.filter.OncePerRequestFilter.doFilter(Ljakarta/servlet/ServletRequest;Ljakarta/servlet/ServletResponse;Ljakarta/servlet/FilterChain;)V+125
j  org.apache.catalina.core.ApplicationFilterChain.internalDoFilter(Ljakarta/servlet/ServletRequest;Ljakarta/servlet/ServletResponse;)V+130
j  org.apache.catalina.core.ApplicationFilterChain.doFilter(Ljakarta/servlet/ServletRequest;Ljakarta/servlet/ServletResponse;)V+99
j  org.springframework.web.filter.CompositeFilter$VirtualFilterChain.doFilter(Ljakarta/servlet/ServletRequest;Ljakarta/servlet/ServletResponse;)V+22
j  org.springframework.web.filter.CompositeFilter$VirtualFilterChain.doFilter(Ljakarta/servlet/ServletRequest;Ljakarta/servlet/ServletResponse;)V+22
j  org.springframework.security.web.FilterChainProxy.lambda$doFilterInternal$3(Lorg/springframework/security/web/firewall/FirewalledRequest;Ljakarta/servlet/FilterChain;Ljakarta/servlet/ServletRequest;Ljakarta/servlet/ServletResponse;)V+35
j  org.springframework.security.web.FilterChainProxy$$Lambda+0x000001d150d1ad48.doFilter(Ljakarta/servlet/ServletRequest;Ljakarta/servlet/ServletResponse;)V+10
j  org.springframework.security.web.FilterChainProxy$VirtualFilterChain.doFilter(Ljakarta/servlet/ServletRequest;Ljakarta/servlet/ServletResponse;)V+17
j  org.springframework.security.web.access.intercept.AuthorizationFilter.doFilter(Ljakarta/servlet/ServletRequest;Ljakarta/servlet/ServletResponse;Ljakarta/servlet/FilterChain;)V+147
j  org.springframework.security.web.FilterChainProxy$VirtualFilterChain.doFilter(Ljakarta/servlet/ServletRequest;Ljakarta/servlet/ServletResponse;)V+105
j  org.springframework.security.web.access.ExceptionTranslationFilter.doFilter(Ljakarta/servlet/http/HttpServletRequest;Ljakarta/servlet/http/HttpServletResponse;Ljakarta/servlet/FilterChain;)V+3
j  org.springframework.security.web.access.ExceptionTranslationFilter.doFilter(Ljakarta/servlet/ServletRequest;Ljakarta/servlet/ServletResponse;Ljakarta/servlet/FilterChain;)V+10
j  org.springframework.security.web.FilterChainProxy$VirtualFilterChain.doFilter(Ljakarta/servlet/ServletRequest;Ljakarta/servlet/ServletResponse;)V+105
j  org.springframework.security.web.session.SessionManagementFilter.doFilter(Ljakarta/servlet/http/HttpServletRequest;Ljakarta/servlet/http/HttpServletResponse;Ljakarta/servlet/FilterChain;)V+223
j  org.springframework.security.web.session.SessionManagementFilter.doFilter(Ljakarta/servlet/ServletRequest;Ljakarta/servlet/ServletResponse;Ljakarta/servlet/FilterChain;)V+10
j  org.springframework.security.web.FilterChainProxy$VirtualFilterChain.doFilter(Ljakarta/servlet/ServletRequest;Ljakarta/servlet/ServletResponse;)V+105
j  org.springframework.security.web.authentication.AnonymousAuthenticationFilter.doFilter(Ljakarta/servlet/ServletRequest;Ljakarta/servlet/ServletResponse;Ljakarta/servlet/FilterChain;)V+33
j  org.springframework.security.web.FilterChainProxy$VirtualFilterChain.doFilter(Ljakarta/servlet/ServletRequest;Ljakarta/servlet/ServletResponse;)V+105
j  org.springframework.security.web.servletapi.SecurityContextHolderAwareRequestFilter.doFilter(Ljakarta/servlet/ServletRequest;Ljakarta/servlet/ServletResponse;Ljakarta/servlet/FilterChain;)V+19
j  org.springframework.security.web.FilterChainProxy$VirtualFilterChain.doFilter(Ljakarta/servlet/ServletRequest;Ljakarta/servlet/ServletResponse;)V+105
j  org.springframework.security.web.savedrequest.RequestCacheAwareFilter.doFilter(Ljakarta/servlet/ServletRequest;Ljakarta/servlet/ServletResponse;Ljakarta/servlet/FilterChain;)V+32
j  org.springframework.security.web.FilterChainProxy$VirtualFilterChain.doFilter(Ljakarta/servlet/ServletRequest;Ljakarta/servlet/ServletResponse;)V+105
j  com.example.WorkWite_Repo_BE.filters.JwtAuthenticationFilter.doFilterInternal(Ljakarta/servlet/http/HttpServletRequest;Ljakarta/servlet/http/HttpServletResponse;Ljakarta/servlet/FilterChain;)V+145
j  org.springframework.web.filter.OncePerRequestFilter.doFilter(Ljakarta/servlet/ServletRequest;Ljakarta/servlet/ServletResponse;Ljakarta/servlet/FilterChain;)V+150
j  org.springframework.security.web.FilterChainProxy$VirtualFilterChain.doFilter(Ljakarta/servlet/ServletRequest;Ljakarta/servlet/ServletResponse;)V+105
j  org.springframework.security.web.authentication.logout.LogoutFilter.doFilter(Ljakarta/servlet/http/HttpServletRequest;Ljakarta/servlet/http/HttpServletResponse;Ljakarta/servlet/FilterChain;)V+83
j  org.springframework.security.web.authentication.logout.LogoutFilter.doFilter(Ljakarta/servlet/ServletRequest;Ljakarta/servlet/ServletResponse;Ljakarta/servlet/FilterChain;)V+10
j  org.springframework.security.web.FilterChainProxy$VirtualFilterChain.doFilter(Ljakarta/servlet/ServletRequest;Ljakarta/servlet/ServletResponse;)V+105
j  org.springframework.security.web.header.HeaderWriterFilter.doHeadersAfter(Ljakarta/servlet/http/HttpServletRequest;Ljakarta/servlet/http/HttpServletResponse;Ljakarta/servlet/FilterChain;)V+29
j  org.springframework.security.web.header.HeaderWriterFilter.doFilterInternal(Ljakarta/servlet/http/HttpServletRequest;Ljakarta/servlet/http/HttpServletResponse;Ljakarta/servlet/FilterChain;)V+21
j  org.springframework.web.filter.OncePerRequestFilter.doFilter(Ljakarta/servlet/ServletRequest;Ljakarta/servlet/ServletResponse;Ljakarta/servlet/FilterChain;)V+150
j  org.springframework.security.web.FilterChainProxy$VirtualFilterChain.doFilter(Ljakarta/servlet/ServletRequest;Ljakarta/servlet/ServletResponse;)V+105
j  org.springframework.security.web.context.SecurityContextHolderFilter.doFilter(Ljakarta/servlet/http/HttpServletRequest;Ljakarta/servlet/http/HttpServletResponse;Ljakarta/servlet/FilterChain;)V+59
j  org.springframework.security.web.context.SecurityContextHolderFilter.doFilter(Ljakarta/servlet/ServletRequest;Ljakarta/servlet/ServletResponse;Ljakarta/servlet/FilterChain;)V+10
j  org.springframework.security.web.FilterChainProxy$VirtualFilterChain.doFilter(Ljakarta/servlet/ServletRequest;Ljakarta/servlet/ServletResponse;)V+105
j  org.springframework.security.web.context.request.async.WebAsyncManagerIntegrationFilter.doFilterInternal(Ljakarta/servlet/http/HttpServletRequest;Ljakarta/servlet/http/HttpServletResponse;Ljakarta/servlet/FilterChain;)V+55
j  org.springframework.web.filter.OncePerRequestFilter.doFilter(Ljakarta/servlet/ServletRequest;Ljakarta/servlet/ServletResponse;Ljakarta/servlet/FilterChain;)V+150
j  org.springframework.security.web.FilterChainProxy$VirtualFilterChain.doFilter(Ljakarta/servlet/ServletRequest;Ljakarta/servlet/ServletResponse;)V+105
j  org.springframework.security.web.session.DisableEncodeUrlFilter.doFilterInternal(Ljakarta/servlet/http/HttpServletRequest;Ljakarta/servlet/http/HttpServletResponse;Ljakarta/servlet/FilterChain;)V+10
j  org.springframework.web.filter.OncePerRequestFilter.doFilter(Ljakarta/servlet/ServletRequest;Ljakarta/servlet/ServletResponse;Ljakarta/servlet/FilterChain;)V+150
j  org.springframework.security.web.FilterChainProxy$VirtualFilterChain.doFilter(Ljakarta/servlet/ServletRequest;Ljakarta/servlet/ServletResponse;)V+105
j  org.springframework.security.web.FilterChainProxy.doFilterInternal(Ljakarta/servlet/ServletRequest;Ljakarta/servlet/ServletResponse;Ljakarta/servlet/FilterChain;)V+163
j  org.springframework.security.web.FilterChainProxy.doFilter(Ljakarta/servlet/ServletRequest;Ljakarta/servlet/ServletResponse;Ljakarta/servlet/FilterChain;)V+48
j  org.springframework.web.filter.CompositeFilter$VirtualFilterChain.doFilter(Ljakarta/servlet/ServletRequest;Ljakarta/servlet/ServletResponse;)V+63
j  org.springframework.web.filter.ServletRequestPathFilter.doFilter(Ljakarta/servlet/ServletRequest;Ljakarta/servlet/ServletResponse;Ljakarta/servlet/FilterChain;)V+25
j  org.springframework.web.filter.CompositeFilter$VirtualFilterChain.doFilter(Ljakarta/servlet/ServletRequest;Ljakarta/servlet/ServletResponse;)V+63
j  org.springframework.web.filter.CompositeFilter.doFilter(Ljakarta/servlet/ServletRequest;Ljakarta/servlet/ServletResponse;Ljakarta/servlet/FilterChain;)V+14
j  org.springframework.security.config.annotation.web.configuration.WebSecurityConfiguration$CompositeFilterChainProxy.doFilter(Ljakarta/servlet/ServletRequest;Ljakarta/servlet/ServletResponse;Ljakarta/servlet/FilterChain;)V+7
j  org.springframework.web.filter.CompositeFilter$VirtualFilterChain.doFilter(Ljakarta/servlet/ServletRequest;Ljakarta/servlet/ServletResponse;)V+63
j  org.springframework.web.servlet.handler.HandlerMappingIntrospector.lambda$createCacheFilter$4(Ljakarta/servlet/ServletRequest;Ljakarta/servlet/ServletResponse;Ljakarta/servlet/FilterChain;)V+13
j  org.springframework.web.servlet.handler.HandlerMappingIntrospector$$Lambda+0x000001d150c7e678.doFilter(Ljakarta/servlet/ServletRequest;Ljakarta/servlet/ServletResponse;Ljakarta/servlet/FilterChain;)V+7
j  org.springframework.web.filter.CompositeFilter$VirtualFilterChain.doFilter(Ljakarta/servlet/ServletRequest;Ljakarta/servlet/ServletResponse;)V+63
j  org.springframework.web.filter.CompositeFilter.doFilter(Ljakarta/servlet/ServletRequest;Ljakarta/servlet/ServletResponse;Ljakarta/servlet/FilterChain;)V+14
j  org.springframework.security.config.annotation.web.configuration.WebMvcSecurityConfiguration$CompositeFilterChainProxy.doFilter(Ljakarta/servlet/ServletRequest;Ljakarta/servlet/ServletResponse;Ljakarta/servlet/FilterChain;)V+7
j  org.springframework.web.filter.DelegatingFilterProxy.invokeDelegate(Ljakarta/servlet/Filter;Ljakarta/servlet/ServletRequest;Ljakarta/servlet/ServletResponse;Ljakarta/servlet/FilterChain;)V+5
j  org.springframework.web.filter.DelegatingFilterProxy.doFilter(Ljakarta/servlet/ServletRequest;Ljakarta/servlet/ServletResponse;Ljakarta/servlet/FilterChain;)V+98
j  org.apache.catalina.core.ApplicationFilterChain.internalDoFilter(Ljakarta/servlet/ServletRequest;Ljakarta/servlet/ServletResponse;)V+130
j  org.apache.catalina.core.ApplicationFilterChain.doFilter(Ljakarta/servlet/ServletRequest;Ljakarta/servlet/ServletResponse;)V+99
j  org.springframework.web.filter.RequestContextFilter.doFilterInternal(Ljakarta/servlet/http/HttpServletRequest;Ljakarta/servlet/http/HttpServletResponse;Ljakarta/servlet/FilterChain;)V+21
j  org.springframework.web.filter.OncePerRequestFilter.doFilter(Ljakarta/servlet/ServletRequest;Ljakarta/servlet/ServletResponse;Ljakarta/servlet/FilterChain;)V+150
j  org.apache.catalina.core.ApplicationFilterChain.internalDoFilter(Ljakarta/servlet/ServletRequest;Ljakarta/servlet/ServletResponse;)V+130
j  org.apache.catalina.core.ApplicationFilterChain.doFilter(Ljakarta/servlet/ServletRequest;Ljakarta/servlet/ServletResponse;)V+99
j  org.springframework.web.filter.FormContentFilter.doFilterInternal(Ljakarta/servlet/http/HttpServletRequest;Ljakarta/servlet/http/HttpServletResponse;Ljakarta/servlet/FilterChain;)V+38
j  org.springframework.web.filter.OncePerRequestFilter.doFilter(Ljakarta/servlet/ServletRequest;Ljakarta/servlet/ServletResponse;Ljakarta/servlet/FilterChain;)V+150
j  org.apache.catalina.core.ApplicationFilterChain.internalDoFilter(Ljakarta/servlet/ServletRequest;Ljakarta/servlet/ServletResponse;)V+130
j  org.apache.catalina.core.ApplicationFilterChain.doFilter(Ljakarta/servlet/ServletRequest;Ljakarta/servlet/ServletResponse;)V+99
j  org.springframework.web.filter.CharacterEncodingFilter.doFilterInternal(Ljakarta/servlet/http/HttpServletRequest;Ljakarta/servlet/http/HttpServletResponse;Ljakarta/servlet/FilterChain;)V+53
j  org.springframework.web.filter.OncePerRequestFilter.doFilter(Ljakarta/servlet/ServletRequest;Ljakarta/servlet/ServletResponse;Ljakarta/servlet/FilterChain;)V+150
j  org.apache.catalina.core.ApplicationFilterChain.internalDoFilter(Ljakarta/servlet/ServletRequest;Ljakarta/servlet/ServletResponse;)V+130
j  org.apache.catalina.core.ApplicationFilterChain.doFilter(Ljakarta/servlet/ServletRequest;Ljakarta/servlet/ServletResponse;)V+99
j  org.apache.catalina.core.StandardWrapperValve.invoke(Lorg/apache/catalina/connector/Request;Lorg/apache/catalina/connector/Response;)V+511
j  org.apache.catalina.core.StandardContextValve.invoke(Lorg/apache/catalina/connector/Request;Lorg/apache/catalina/connector/Response;)V+169
j  org.apache.catalina.authenticator.AuthenticatorBase.invoke(Lorg/apache/catalina/connector/Request;Lorg/apache/catalina/connector/Response;)V+221
j  org.apache.catalina.core.StandardHostValve.invoke(Lorg/apache/catalina/connector/Request;Lorg/apache/catalina/connector/Response;)V+131
j  org.apache.catalina.valves.ErrorReportValve.invoke(Lorg/apache/catalina/connector/Request;Lorg/apache/catalina/connector/Response;)V+6
j  org.apache.catalina.core.StandardEngineValve.invoke(Lorg/apache/catalina/connector/Request;Lorg/apache/catalina/connector/Response;)V+59
j  org.apache.catalina.connector.CoyoteAdapter.service(Lorg/apache/coyote/Request;Lorg/apache/coyote/Response;)V+188
j  org.apache.coyote.http11.Http11Processor.service(Lorg/apache/tomcat/util/net/SocketWrapperBase;)Lorg/apache/tomcat/util/net/AbstractEndpoint$Handler$SocketState;+796
j  org.apache.coyote.AbstractProcessorLight.process(Lorg/apache/tomcat/util/net/SocketWrapperBase;Lorg/apache/tomcat/util/net/SocketEvent;)Lorg/apache/tomcat/util/net/AbstractEndpoint$Handler$SocketState;+155
j  org.apache.coyote.AbstractProtocol$ConnectionHandler.process(Lorg/apache/tomcat/util/net/SocketWrapperBase;Lorg/apache/tomcat/util/net/SocketEvent;)Lorg/apache/tomcat/util/net/AbstractEndpoint$Handler$SocketState;+477
j  org.apache.tomcat.util.net.NioEndpoint$SocketProcessor.doRun()V+222
j  org.apache.tomcat.util.net.SocketProcessorBase.run()V+32
j  org.apache.tomcat.util.threads.ThreadPoolExecutor.runWorker(Lorg/apache/tomcat/util/threads/ThreadPoolExecutor$Worker;)V+92
j  org.apache.tomcat.util.threads.ThreadPoolExecutor$Worker.run()V+5
j  org.apache.tomcat.util.threads.TaskThread$WrappingRunnable.run()V+4
j  java.lang.Thread.runWith(Ljava/lang/Object;Ljava/lang/Runnable;)V+5 java.base@21.0.8
j  java.lang.Thread.run()V+19 java.base@21.0.8
v  ~StubRoutines::call_stub 0x000001d1413510e7
--------------------------------------------------------------------------------
Decoding CodeBlob, name: _new_array_nozero_Java, at  [0x000001d14147f180, 0x000001d14147f1f0]  112 bytes
[MachCode]
  0x000001d14147f180: 4881 ec28 | 0000 0048 | 896c 2420 | 4989 a798 | 0300 0048 | 8bca 418b | d04d 8bc7 | 49ba 807c 
  0x000001d14147f1a0: 5d2b f97f | 0000 41ff | d20f 1f84 | 0000 0000 | 004d 89a7 | 9803 0000 | 4d89 a7a0 | 0300 0049 
  0x000001d14147f1c0: 8b87 f003 | 0000 4d89 | a7f0 0300 | 004d 3b67 | 0875 0648 | 83c4 205d | c333 db49 | ba00 0f35 
  0x000001d14147f1e0: 41d1 0100 | 0048 83c4 | 205d 41ff | e2f4 f4f4 
[/MachCode]
--------------------------------------------------------------------------------


Compiled method (c2)  196740 5679   !   4       java.lang.String::<init> (890 bytes)
 total in heap  [0x000001d141c5ae10,0x000001d141c5ec80] = 15984
 relocation     [0x000001d141c5af70,0x000001d141c5b1d0] = 608
 main code      [0x000001d141c5b1e0,0x000001d141c5dd50] = 11120
 stub code      [0x000001d141c5dd50,0x000001d141c5de28] = 216
 oops           [0x000001d141c5de28,0x000001d141c5de38] = 16
 metadata       [0x000001d141c5de38,0x000001d141c5de90] = 88
 scopes data    [0x000001d141c5de90,0x000001d141c5e538] = 1704
 scopes pcs     [0x000001d141c5e538,0x000001d141c5e8e8] = 944
 dependencies   [0x000001d141c5e8e8,0x000001d141c5e8f0] = 8
 handler table  [0x000001d141c5e8f0,0x000001d141c5ec68] = 888
 nul chk table  [0x000001d141c5ec68,0x000001d141c5ec80] = 24

[Constant Pool (empty)]

[MachCode]
[Entry Point]
  # {method} {0x000001d14f45b648} '<init>' '(Ljava/nio/charset/Charset;[BII)V' in 'java/lang/String'
  # this:     rdx:rdx   = 'java/lang/String'
  # parm0:    r8:r8     = 'java/nio/charset/Charset'
  # parm1:    r9:r9     = '[B'
  # parm2:    rdi       = int
  # parm3:    rsi       = int
  #           [sp+0xb0]  (sp of caller)
  0x000001d141c5b1e0: 448b 5208 | 49bb 0000 | 004f d101 | 0000 4d03 | d349 3bc2 

  0x000001d141c5b1f4: ;   {runtime_call ic_miss_stub}
  0x000001d141c5b1f4: 0f85 8637 | 74ff 6690 | 0f1f 4000 
[Verified Entry Point]
  0x000001d141c5b200: 8984 2400 | 80ff ff55 | 4881 eca0 | 0000 0090 | 4181 7f20 | 1300 0000 | 0f85 252b | 0000 897c 
  0x000001d141c5b220: 2438 4c89 | 4c24 4848 | 8954 2420 | 4d8b d044 | 8bde 85f6 | 0f84 b309 | 0000 448d | 0c37 4489 
  0x000001d141c5b240: 4c24 344c | 63c6 4c63 | ce4c 894c 

  0x000001d141c5b24c: ;   {oop(a 'sun/nio/cs/UTF_8'{0x0000000084eeec78})}
  0x000001d141c5b24c: 2460 49b9 | 78ec ee84 | 0000 0000 | 4d3b d10f | 8566 0400 | 0044 8bd7 | 85ff 0f8c | fe1c 0000 
  0x000001d141c5b26c: 85f6 0f8c | f61c 0000 | 4c8b 4c24 | 4845 8b69 | 0c44 3b6c | 2434 0f82 | e21c 0000 | 4d8d 4c39 
  0x000001d141c5b28c: 1049 63ed | 498b f141 | 8bcb 8bc1 | 85c9 0f84 | c100 0000 | f7c1 e0ff | ffff 7459 | 83e1 e048 
  0x000001d141c5b2ac: 8d34 0e48 | f7d9 bb80 | 8080 80c5 | f96e cbc4 | e27d 58c9 | c5fe 6f04 | 0ec4 e27d | 17c1 7526 
  0x000001d141c5b2cc: 4883 c120 | 75ee a81f | 0f84 8700 | 0000 8bc8 | 83e1 1fc5 | fe6f 440e | e0c4 e27d | 17c1 0f84 
  0x000001d141c5b2ec: 7100 0000 | eb0f 488d | 340e 4803 | c183 c81f | b91f 0000 | 0083 e1fc | 7418 488d | 340e 48f7 
  0x000001d141c5b30c: d98b 1c0e | 81e3 8080 | 8080 752e | 4883 c104 | 75ef a802 | 740f 0fb7 | 1e81 e380 | 8000 0075 
  0x000001d141c5b32c: 2548 8d76 | 02a8 0174 | 2c0f b61e | f7c3 8000 | 0000 7421 | 4883 e801 | eb1b 4803 | c183 c803 
  0x000001d141c5b34c: ;   {no_reloc}
  0x000001d141c5b34c: 488d 340e | ebcc 83e0 | fcf7 c380 | 0000 0075 | 0448 83c0 | 01c5 fdef | c0c5 f5ef | c98b d841 
  0x000001d141c5b36c: 3bc3 0f85 | c80d 0000 | 85ff 0f85 | b100 0000 | 448b 5424 | 3445 3bd5 | 0f85 a000 | 0000 4181 
  0x000001d141c5b38c: fd00 0010 | 000f 8748 | 1500 0049 | 8b9f b801 | 0000 4c8d | 5517 4983 | e2f8 4c8b | db4d 03da 
  0x000001d141c5b3ac: 4d3b 9fc8 | 0100 000f | 8326 1500 | 004d 899f | b801 0000 | 410f 0d8b | c000 0000 | 48c7 0301 
  0x000001d141c5b3cc: 0000 0041 | 0f0d 8b00 

  0x000001d141c5b3d4: ;   {metadata({type array byte})}
  0x000001d141c5b3d4: 0100 00c7 | 4308 6822 | 0000 4489 | 6b0c 410f | 0d8b 4001 | 0000 410f | 0d8b 8001 | 0000 488b 
  0x000001d141c5b3f4: 4c24 4848 | 83c1 1048 | 8bd3 4883 | c210 4883 | c507 48c1 | ed03 4c8b | c5c5 f877 | 49ba 001d 
  0x000001d141c5b414: 3841 d101 | 0000 41ff 

  0x000001d141c5b41c: ;   {other}
  0x000001d141c5b41c: d20f 1f84 | 0000 0000 | 00e9 1701 | 0000 4533 | d244 8b5c | 2434 453b | da0f 8cdd | 1c00 0045 
  0x000001d141c5b43c: 8bc3 452b | c245 8bd8 | 4181 f800 | 0010 000f | 8743 1b00 | 004d 63c8 | 4585 d20f | 8cb5 1b00 
  0x000001d141c5b45c: 0041 8bed | 412b ea41 | 3be8 410f | 4fe8 458d | 042a 453b | e80f 829b | 1b00 0044 | 3bdd 0f82 
  0x000001d141c5b47c: 921b 0000 | 85ed 0f8c | 8a1b 0000 | 4983 c117 | 4181 fb00 | 0010 000f | 87a6 0700 | 0049 8b9f 
  0x000001d141c5b49c: b801 0000 | 4d8b c149 | 83e0 f848 | 8bcb 4903 | c849 3b8f | c801 0000 | 0f83 8507 | 0000 4989 
  0x000001d141c5b4bc: 8fb8 0100 | 000f 0d89 | c000 0000 | 48c7 0301 | 0000 000f | 0d89 0001 

  0x000001d141c5b4d4: ;   {metadata({type array byte})}
  0x000001d141c5b4d4: 0000 c743 | 0868 2200 | 0044 895b | 0c0f 0d89 | 4001 0000 | 0f0d 8980 | 0100 0048 | 8bd3 4883 
  0x000001d141c5b4f4: c210 49c1 | e903 85ed | 0f84 9a1a | 0000 4c8b | 4424 484b | 8d74 1010 | 4c63 c541 | 3beb 0f8c 
  0x000001d141c5b514: 2801 0000 | 4983 f820 | 777c 4c63 | d549 bbff | ffff ffff | ffff ffc4 | 42a8 f5db | c4c1 fb92 
  0x000001d141c5b534: fb62 f17f | af6f 0662 | f17f 2f7f | 0241 807f | 4000 756f | 488b 7c24 | 204c 8bd7 | 4c8b db44 
  0x000001d141c5b554: 895f 144c | 8bdb 4d33 | da49 c1eb | 144d 85db | 7417 49c1 | ea09 49b8 | 0000 1149 | d101 0000 
  0x000001d141c5b574: 4d03 c241 | 8038 0275 | 6e44 8867 | 10c5 f877 | 4881 c4a0 | 0000 005d 

  0x000001d141c5b58c: ;   {poll_return}
  0x000001d141c5b58c: 493b a748 | 0400 000f | 8794 2700 | 00c3 488b | cec5 f877 | 49ba e0ff | 3741 d101 | 0000 41ff 
  0x000001d141c5b5ac: ;   {other}
  0x000001d141c5b5ac: d20f 1f84 | 0000 0000 | 00eb 8a48 | 8b7c 2420 | 448b 5f14 | 4585 db74 | 884d 8b57 | 2849 8bcb 
  0x000001d141c5b5cc: 4d85 d20f | 848c 1a00 | 004d 8b5f | 384b 894c | 13f8 4983 | c2f8 4d89 | 5728 e962 | ffff ff4d 
  0x000001d141c5b5ec: 8b57 484d | 8b5f 58f0 | 8344 24c0 | 0041 8038 | 000f 847a | ffff ff45 | 8820 4d85 | d275 2349 
  0x000001d141c5b60c: 8bc8 498b | d7c5 f877 | 49ba c002 | 1d2b f97f | 0000 41ff 

  0x000001d141c5b620: ;   {other}
  0x000001d141c5b620: d20f 1f84 | 0000 0000 | 00e9 4fff | ffff 4f89 | 4413 f849 | 83c2 f84d | 8957 48e9 | 3dff ffff 
  0x000001d141c5b640: 4d8d 5010 | 4d8b da49 | 83e3 f848 | 8bfb 4903 | fb49 c1ea | 034d 2bca | 498b c948 | 33c0 4883 
  0x000001d141c5b660: f908 7f10 | 48ff c978 | 5948 8904 | cf48 ffc9 | 7df7 eb4e | c5fd efc0 | e90d 0000 | 00c5 fe7f 
  0x000001d141c5b680: 07c5 fe7f | 4720 4883 | c740 4883 | e908 7ded | 4883 c104 | 7c0c c5fe | 7f07 4883 | c720 4883 
  0x000001d141c5b6a0: e904 4883 | c104 7e1a | 48b8 ffff | ffff ffff | ffff c4e2 | f0f5 c0c4 | e1fb 92f8 | 62f1 fe2f 
  0x000001d141c5b6c0: 7f07 e951 

  0x000001d141c5b6c4: ;   {oop(a 'sun/nio/cs/ISO_8859_1'{0x0000000084e13590})}
  0x000001d141c5b6c4: feff ff49 | b990 35e1 | 8400 0000 | 004d 3bd1 | 0f84 b505 

  0x000001d141c5b6d8: ;   {oop(a 'sun/nio/cs/US_ASCII'{0x0000000084e135f0})}
  0x000001d141c5b6d8: 0000 49b9 | f035 e184 | 0000 0000 | 4d3b d10f | 841d 0600 | 004c 8944 | 2440 448b | 4424 3444 
  0x000001d141c5b6f8: 8944 2430 | 4c89 5424 | 2889 7424 | 3c49 8bd2 | 488b 6c24 | 2090 c5f8 | 7748 b8ff | ffff ffff 
  0x000001d141c5b718: ;   {virtual_call}
  0x000001d141c5b718: ffff ffe8 

  0x000001d141c5b71c: ; ImmutableOopMap {rbp=Oop [32]=Oop [40]=Oop [72]=Oop }
                      ;*invokevirtual newDecoder {reexecute=0 rethrow=0 return_oop=1}
                      ; - java.lang.String::<init>@521 (line 626)
  0x000001d141c5b71c: 603c 74ff 

  0x000001d141c5b720: ;   {other}
  0x000001d141c5b720: 0f1f 8400 | 1009 0000 | 488b e844 

  0x000001d141c5b72c: ;   {metadata('sun/nio/cs/ArrayDecoder')}
  0x000001d141c5b72c: 8b50 0848 | b888 ee0b | 4fd1 0100 | 0048 be00 | 0000 4fd1 | 0100 0049 | 03f2 4c8b | 5620 4c3b 
  0x000001d141c5b74c: d00f 85fa | 0100 004c | 8bd5 4c89 | 5424 5049 | 8bd2 c5f8 | 7748 b8ff | ffff ffff 

  0x000001d141c5b768: ;   {virtual_call}
  0x000001d141c5b768: ffff ffe8 

  0x000001d141c5b76c: ; ImmutableOopMap {rbp=Oop [32]=Oop [72]=Oop [80]=Oop }
                      ;*invokeinterface isASCIICompatible {reexecute=0 rethrow=0 return_oop=0}
                      ; - java.lang.String::<init>@543 (line 630)
  0x000001d141c5b76c: 103c 74ff 

  0x000001d141c5b770: ;   {other}
  0x000001d141c5b770: 0f1f 8400 | 6009 0001 | 85c0 7428 | 488b 5424 | 4844 8b44 | 2438 448b | 4c24 3c90 

  0x000001d141c5b78c: ;   {static_call}
  0x000001d141c5b78c: c5f8 77e8 

  0x000001d141c5b790: ; ImmutableOopMap {rbp=Oop [32]=Oop [72]=Oop [80]=Oop }
                      ;*invokestatic hasNegatives {reexecute=0 rethrow=0 return_oop=0}
                      ; - java.lang.String::<init>@555 (line 630)
  0x000001d141c5b790: ec40 74ff 

  0x000001d141c5b794: ;   {other}
  0x000001d141c5b794: 0f1f 8400 | 8409 0002 | 85c0 0f84 | c508 0000 | 488b 5424 | 5090 c5f8 | 7748 b8ff | ffff ffff 
  0x000001d141c5b7b4: ;   {virtual_call}
  0x000001d141c5b7b4: ffff ffe8 

  0x000001d141c5b7b8: ; ImmutableOopMap {rbp=Oop [32]=Oop [72]=Oop [80]=Oop }
                      ;*invokeinterface isLatin1Decodable {reexecute=0 rethrow=0 return_oop=0}
                      ; - java.lang.String::<init>@611 (line 642)
  0x000001d141c5b7b8: c43b 74ff 

  0x000001d141c5b7bc: ;   {other}
  0x000001d141c5b7bc: 0f1f 8400 | ac09 0003 | 85c0 0f84 | 7b06 0000 | 448b 5c24 | 3c44 895c | 2434 4181 | fb00 0010 
  0x000001d141c5b7dc: 000f 87e1 | 1f00 0041 | 81fb 0000 | 1000 0f87 | 081c 0000 | 498b 9fb8 | 0100 004c | 8b4c 2440 
  0x000001d141c5b7fc: 4983 c117 | 4d8b d149 | 83e2 f84c | 8bc3 4d03 | c24d 3b87 | c801 0000 | 0f83 de1b | 0000 4d89 
  0x000001d141c5b81c: 87b8 0100 | 0048 8bfb | 4883 c710 | 48c7 0301 | 0000 0041 | 0f0d 88c0 

  0x000001d141c5b834: ;   {metadata({type array byte})}
  0x000001d141c5b834: 0000 00c7 | 4308 6822 | 0000 4489 | 5b0c 410f | 0d88 0001 | 0000 410f | 0d88 4001 | 0000 410f 
  0x000001d141c5b854: 0d88 8001 | 0000 49c1 | e903 4983 | c1fe 498b | c948 33c0 | 4883 f908 | 7f10 48ff | c978 5948 
  0x000001d141c5b874: 8904 cf48 | ffc9 7df7 | eb4e c5fd | efc0 e90d | 0000 00c5 | fe7f 07c5 | fe7f 4720 | 4883 c740 
  0x000001d141c5b894: 4883 e908 | 7ded 4883 | c104 7c0c | c5fe 7f07 | 4883 c720 | 4883 e904 | 4883 c104 | 7e1a 48b8 
  0x000001d141c5b8b4: ffff ffff | ffff ffff | c4e2 f0f5 | c0c4 e1fb | 92f8 62f1 | fe2f 7f07 | 488b eb8b | 7c24 3448 
  0x000001d141c5b8d4: 8b54 2450 | 4c8b 4424 | 4844 8b4c | 2438 488b | f590 c5f8 | 7748 b8ff | ffff ffff 

  0x000001d141c5b8f0: ;   {virtual_call}
  0x000001d141c5b8f0: ffff ffe8 

  0x000001d141c5b8f4: ; ImmutableOopMap {rbp=Oop [32]=Oop }
                      ;*invokeinterface decodeToLatin1 {reexecute=0 rethrow=0 return_oop=0}
                      ; - java.lang.String::<init>@633 (line 644)
  0x000001d141c5b8f4: 883a 74ff 

  0x000001d141c5b8f8: ;   {other}
  0x000001d141c5b8f8: 0f1f 8400 | e80a 0004 | 4180 7f40 | 000f 8576 | 1700 0048 | 8b5c 2420 | 4c8b d34c | 8bc5 4489 
  0x000001d141c5b918: 4314 4c8b | dd4d 33da | 49c1 eb14 | 4d85 db74 | 1b49 c1ea | 0949 b800 | 0011 49d1 | 0100 004d 
  0x000001d141c5b938: 03c2 4180 | 3802 0f85 | 7517 0000 | 4488 6310 | e934 fcff | ff48 8b7e | 288b 0f48 | 83c7 0848 
  0x000001d141c5b958: 85c0 f248 | af0f 8504 | 0000 0048 | 8946 200f | 84e6 fdff | ffc5 fa10 | 4510 8b54 | 243c 6690 
  0x000001d141c5b978: ;   {static_call}
  0x000001d141c5b978: c5f8 77e8 

  0x000001d141c5b97c: ; ImmutableOopMap {rbp=Oop [32]=Oop [40]=Oop [72]=Oop }
                      ;*invokestatic scale {reexecute=0 rethrow=0 return_oop=0}
                      ; - java.lang.String::<init>@757 (line 669)
  0x000001d141c5b97c: 003f 74ff 

  0x000001d141c5b980: ;   {other}
  0x000001d141c5b980: 0f1f 8400 | 700b 0005 | 8944 2440 

  0x000001d141c5b98c: ;   {oop(a 'java/nio/charset/CodingErrorAction'{0x0000000084eb80c0})}
  0x000001d141c5b98c: 488b d549 | b8c0 80eb | 8400 0000 | 0066 6690 

  0x000001d141c5b99c: ;   {optimized virtual_call}
  0x000001d141c5b99c: c5f8 77e8 

  0x000001d141c5b9a0: ; ImmutableOopMap {rbp=Oop [32]=Oop [40]=Oop [72]=Oop }
                      ;*invokevirtual onMalformedInput {reexecute=0 rethrow=0 return_oop=1}
                      ; - java.lang.String::<init>@767 (line 670)
  0x000001d141c5b9a0: dc34 74ff 

  0x000001d141c5b9a4: ;   {other}
  0x000001d141c5b9a4: 0f1f 8400 | 940b 0006 | 4885 c00f | 848f 1e00 | 0048 8bd0 

  0x000001d141c5b9b8: ;   {oop(a 'java/nio/charset/CodingErrorAction'{0x0000000084eb80c0})}
  0x000001d141c5b9b8: 49b8 c080 | eb84 0000 | 0000 6690 

  0x000001d141c5b9c4: ;   {optimized virtual_call}
  0x000001d141c5b9c4: c5f8 77e8 

  0x000001d141c5b9c8: ; ImmutableOopMap {rbp=Oop [32]=Oop [40]=Oop [72]=Oop }
                      ;*invokevirtual onUnmappableCharacter {reexecute=0 rethrow=0 return_oop=1}
                      ; - java.lang.String::<init>@773 (line 671)
  0x000001d141c5b9c8: b434 74ff 

  0x000001d141c5b9cc: ;   {other}
  0x000001d141c5b9cc: 0f1f 8400 | bc0b 0007 | 448b 5c24 | 4044 895c | 2450 4181 | fb00 0008 | 000f 8771 | 1e00 004d 
  0x000001d141c5b9ec: 63d3 4181 | fb00 0008 | 000f 87ce | 1b00 004d | 8b9f b801 | 0000 4a8d | 0c55 1700 | 0000 4c8b 
  0x000001d141c5ba0c: d149 83e2 | f84d 8bc3 | 4d03 c24d | 3b87 c801 | 0000 0f83 | a51b 0000 | 4d89 87b8 | 0100 0041 
  0x000001d141c5ba2c: 0f0d 88c0 | 0000 0049 | c703 0100 | 0000 410f | 0d88 0001 

  0x000001d141c5ba40: ;   {metadata({type array char})}
  0x000001d141c5ba40: 0000 41c7 | 4308 b01c | 0000 448b | 5424 4045 | 8953 0c41 | 0f0d 8840 | 0100 0049 | 8bfb 4883 
  0x000001d141c5ba60: c710 410f | 0d88 8001 | 0000 48c1 | e903 4883 | c1fe 4833 | c048 83f9 | 087f 1048 | ffc9 7859 
  0x000001d141c5ba80: 4889 04cf | 48ff c97d | f7eb 4ec5 | fdef c0e9 | 0d00 0000 | c5fe 7f07 | c5fe 7f47 | 2048 83c7 
  0x000001d141c5baa0: 4048 83e9 | 087d ed48 | 83c1 047c | 0cc5 fe7f | 0748 83c7 | 2048 83e9 | 0448 83c1 | 047e 1a48 
  0x000001d141c5bac0: b8ff ffff | ffff ffff | ffc4 e2f0 | f5c0 c4e1 | fb92 f862 | f1fe 2f7f | 074d 8bd3 | 4c89 5424 
  0x000001d141c5bae0: 404c 8b54 | 2428 458b | 5a08 49ba | 0000 004f | d101 0000 | 4d03 d34d | 8b52 704d | 8b12 453b 
  0x000001d141c5bb00: 6234 0f84 | cf10 0000 

  0x000001d141c5bb08: ;   {static_call}
  0x000001d141c5bb08: c5f8 77e8 

  0x000001d141c5bb0c: ; ImmutableOopMap {rbp=Oop [32]=Oop [64]=Oop [72]=Oop }
                      ;*invokestatic getSecurityManager {reexecute=0 rethrow=0 return_oop=1}
                      ; - java.lang.String::<init>@793 (line 674)
  0x000001d141c5bb0c: 703d 74ff 

  0x000001d141c5bb10: ;   {other}
  0x000001d141c5bb10: 0f1f 8400 | 000d 0008 | 4885 c00f | 84b2 1300 | 0048 8b54 | 2448 448b | 4424 3844 | 8b4c 2430 
  0x000001d141c5bb30: ;   {static_call}
  0x000001d141c5bb30: c5f8 77e8 

  0x000001d141c5bb34: ; ImmutableOopMap {rbp=Oop [32]=Oop [64]=Oop }
                      ;*invokestatic copyOfRange {reexecute=0 rethrow=0 return_oop=1}
                      ; - java.lang.String::<init>@805 (line 675)
  0x000001d141c5bb34: 483d 74ff 

  0x000001d141c5bb38: ;   {other}
  0x000001d141c5bb38: 0f1f 8400 | 280d 0009 | 4889 4424 | 4845 33d2 | 488b d54c | 8b44 2440 | 4c8b 4c24 | 4841 8bfa 
  0x000001d141c5bb58: 8b74 243c | 488b 6c24 | 2066 6690 

  0x000001d141c5bb64: ;   {static_call}
  0x000001d141c5bb64: c5f8 77e8 

  0x000001d141c5bb68: ; ImmutableOopMap {rbp=Oop [32]=Oop [64]=Oop }
                      ;*invokestatic decodeWithDecoder {reexecute=0 rethrow=0 return_oop=0}
                      ; - java.lang.String::<init>@819 (line 681)
  0x000001d141c5bb68: 143d 74ff 

  0x000001d141c5bb6c: ;   {other}
  0x000001d141c5bb6c: 0f1f 8400 | 5c0d 000a | 8be8 488b | 5424 4045 | 33c0 448b | c866 6690 

  0x000001d141c5bb84: ;   {static_call}
  0x000001d141c5bb84: c5f8 77e8 

  0x000001d141c5bb88: ; ImmutableOopMap {[32]=Oop [64]=Oop }
                      ;*invokestatic compress {reexecute=0 rethrow=0 return_oop=1}
                      ; - java.lang.String::<init>@850 (line 687)
  0x000001d141c5bb88: f43c 74ff 

  0x000001d141c5bb8c: ;   {other}
  0x000001d141c5bb8c: 0f1f 8400 | 7c0d 000b | 488b d848 | 85c0 0f84 | 4110 0000 | 4180 7f40 | 000f 85c0 | 1700 0048 
  0x000001d141c5bbac: 8b7c 2420 | 4c8b d74c | 8bdb 4489 | 5f14 4c8b | db4d 33da | 49c1 eb14 | 4d85 db74 | 1b49 c1ea 
  0x000001d141c5bbcc: 0949 b800 | 0011 49d1 | 0100 004d | 03c2 4180 | 3802 0f85 | bf17 0000 | 4488 6710 | e994 f9ff 
  0x000001d141c5bbec: ff41 807f | 4000 0f85 | 4415 0000 

  0x000001d141c5bbf8: ;   {oop([B{0x0000000084eab650})}
  0x000001d141c5bbf8: 488b dac7 | 4314 50b6 | ea84 4c8b 

  0x000001d141c5bc04: ;   {oop([B{0x0000000084eab650})}
  0x000001d141c5bc04: d349 bb50 | b6ea 8400 | 0000 004d | 33da 49c1 | eb14 4d85 | db74 1b49 | c1ea 0949 | b800 0011 
  0x000001d141c5bc24: 49d1 0100 | 004d 03c2 | 4180 3802 | 0f85 3c15 | 0000 4488 | 6310 e942 | f9ff ff4c | 894c 2438 
  0x000001d141c5bc44: 4489 5424 | 3444 895c | 2430 4c8b | 5424 484c | 8954 2428 

  0x000001d141c5bc58: ;   {metadata({type array byte})}
  0x000001d141c5bc58: 48ba 6822 | 004f d101 | 0000 458b | c366 6690 

  0x000001d141c5bc68: ;   {runtime_call _new_array_nozero_Java}
  0x000001d141c5bc68: c5f8 77e8 

  0x000001d141c5bc6c: ; ImmutableOopMap {[32]=Oop [40]=Oop [72]=Oop }
                      ;*newarray {reexecute=0 rethrow=0 return_oop=1}
                      ; - java.util.Arrays::copyOfRangeByte@10 (line 3863)
                      ; - java.util.Arrays::copyOfRange@13 (line 3854)
                      ; - java.lang.String::<init>@66 (line 540)
  0x000001d141c5bc6c: 1035 82ff 

  0x000001d141c5bc70: ;   {other}
  0x000001d141c5bc70: 0f1f 8400 | 600e 000c | 448b 5c24 | 3044 8b54 | 2434 488b | d84c 8b4c | 2438 e960 | f8ff ff48 
  0x000001d141c5bc90: 8b54 2448 | 448b c744 | 8b4c 2434 | 488b 6c24 | 2066 6690 

  0x000001d141c5bca4: ;   {static_call}
  0x000001d141c5bca4: c5f8 77e8 

  0x000001d141c5bca8: ; ImmutableOopMap {rbp=Oop }
                      ;*invokestatic copyOfRange {reexecute=0 rethrow=0 return_oop=1}
                      ; - java.lang.String::<init>@378 (line 597)
  0x000001d141c5bca8: 940c 1a00 

  0x000001d141c5bcac: ;   {other}
  0x000001d141c5bcac: 0f1f 8400 | 9c0e 000d | 488b d841 | 807f 4000 | 0f85 0515 | 0000 488b | fd4c 8bc3 | 4d8b d044 
  0x000001d141c5bccc: 8957 144c | 8bd7 4d8b | d84d 33da | 49c1 eb14 | 4d85 db74 | 204d 85c0 | 741b 49c1 | ea09 49b8 
  0x000001d141c5bcec: 0000 1149 | d101 0000 | 4d03 c241 | 8038 020f | 85fc 1400 | 0044 8867 | 10e9 77f8 | ffff 448b 
  0x000001d141c5bd0c: 4424 3444 | 8944 2428 | 8bee 488b | 5424 4844 | 8bc7 448b | ce66 6690 

  0x000001d141c5bd24: ;   {static_call}
  0x000001d141c5bd24: c5f8 77e8 

  0x000001d141c5bd28: ; ImmutableOopMap {[32]=Oop [72]=Oop }
                      ;*invokestatic hasNegatives {reexecute=0 rethrow=0 return_oop=0}
                      ; - java.lang.String::<init>@428 (line 604)
  0x000001d141c5bd28: 543b 74ff 

  0x000001d141c5bd2c: ;   {other}
  0x000001d141c5bd2c: 0f1f 8400 | 1c0f 000e | 85c0 0f84 | 060e 0000 | 8bd5 6690 

  0x000001d141c5bd40: ;   {static_call}
  0x000001d141c5bd40: c5f8 77e8 

  0x000001d141c5bd44: ; ImmutableOopMap {[32]=Oop [72]=Oop }
                      ;*invokestatic newBytesFor {reexecute=0 rethrow=0 return_oop=1}
                      ; - java.lang.String::<init>@457 (line 608)
  0x000001d141c5bd44: 383b 74ff 

  0x000001d141c5bd48: ;   {other}
  0x000001d141c5bd48: 0f1f 8400 | 380f 000f | 4c8b d88b | f585 f60f | 8e95 0000 | 0048 8b7c | 2448 448b | 570c 8b6c 
  0x000001d141c5bd68: 2438 413b | ea0f 832d | 1c00 004d | 63c2 4863 | c54c 8b54 | 2460 4d8d | 5402 ff4d | 3bd0 0f83 
  0x000001d141c5bd88: 141c 0000 | 440f be54 | 0710 4c8b | 4424 6049 | 83c0 e14d | 8bc8 450f | b7c2 48c7 | c100 0000 
  0x000001d141c5bda8: 8049 81f9 | 0000 0080 | 4c0f 4cc9 | 458b c9ba | fdff 0000 | 4585 d244 | 0f4c c249 | 8bdb 6645 
  0x000001d141c5bdc8: 8943 1041 | 83f9 010f | 8eeb 1b00 | 0041 ba00 | 7d00 0049 | be00 0011 | 49d1 0100 | 0041 bb01 
  0x000001d141c5bde8: 0000 0033 | c9e9 6b0a | 0000 48bd | 0000 1149 | d101 0000 | 488b d841 | 807f 4000 | 0f85 4814 
  0x000001d141c5be08: 0000 488b | 7c24 204c | 8bd3 4489 | 5714 4c8b | d34c 8bdf | 4d33 d349 | c1ea 144d | 85d2 7416 
  0x000001d141c5be28: 4885 db74 | 1149 c1eb | 0949 03eb | 807d 0002 | 0f85 4c14 | 0000 c647 | 1001 e93a 

  0x000001d141c5be44: ;   {no_reloc}
  0x000001d141c5be44: f7ff ffc5 | fa10 4510 | 8b54 243c 

  0x000001d141c5be50: ;   {static_call}
  0x000001d141c5be50: c5f8 77e8 

  0x000001d141c5be54: ; ImmutableOopMap {rbp=Oop [32]=Oop [72]=Oop [80]=Oop }
                      ;*invokestatic scale {reexecute=0 rethrow=0 return_oop=0}
                      ; - java.lang.String::<init>@658 (line 650)
  0x000001d141c5be54: 283a 74ff 

  0x000001d141c5be58: ;   {other}
  0x000001d141c5be58: 0f1f 8400 | 4810 0010 | 8944 2440 

  0x000001d141c5be64: ;   {oop(a 'java/nio/charset/CodingErrorAction'{0x0000000084eb80c0})}
  0x000001d141c5be64: 488b d549 | b8c0 80eb | 8400 0000 | 0048 8b6c | 2420 6690 

  0x000001d141c5be78: ;   {optimized virtual_call}
  0x000001d141c5be78: c5f8 77e8 

  0x000001d141c5be7c: ; ImmutableOopMap {rbp=Oop [32]=Oop [72]=Oop [80]=Oop }
                      ;*invokevirtual onMalformedInput {reexecute=0 rethrow=0 return_oop=1}
                      ; - java.lang.String::<init>@668 (line 651)
  0x000001d141c5be7c: 0030 74ff 

  0x000001d141c5be80: ;   {other}
  0x000001d141c5be80: 0f1f 8400 | 7010 0011 | 4885 c00f | 8433 1a00 | 0048 8bd0 

  0x000001d141c5be94: ;   {oop(a 'java/nio/charset/CodingErrorAction'{0x0000000084eb80c0})}
  0x000001d141c5be94: 49b8 c080 | eb84 0000 | 0000 6690 

  0x000001d141c5bea0: ;   {optimized virtual_call}
  0x000001d141c5bea0: c5f8 77e8 

  0x000001d141c5bea4: ; ImmutableOopMap {rbp=Oop [32]=Oop [72]=Oop [80]=Oop }
                      ;*invokevirtual onUnmappableCharacter {reexecute=0 rethrow=0 return_oop=1}
                      ; - java.lang.String::<init>@674 (line 652)
  0x000001d141c5bea4: d82f 74ff 

  0x000001d141c5bea8: ;   {other}
  0x000001d141c5bea8: 0f1f 8400 | 9810 0012 | 448b 5424 | 4044 8954 | 2458 4181 | fa00 0008 | 000f 871d | 1a00 004d 
  0x000001d141c5bec8: 63d2 448b | 5c24 4041 | 81fb 0000 | 0800 0f87 | 4c17 0000 | 4d8b 87b8 | 0100 004a | 8d0c 5517 
  0x000001d141c5bee8: 0000 004c | 8bd1 4983 | e2f8 4d8b | d84d 03da | 4d3b 9fc8 | 0100 000f | 8323 1700 | 004d 899f 
  0x000001d141c5bf08: b801 0000 | 410f 0d8b | c000 0000 | 49c7 0001 | 0000 0041 | 0f0d 8b00 

  0x000001d141c5bf20: ;   {metadata({type array char})}
  0x000001d141c5bf20: 0100 0041 | c740 08b0 | 1c00 0044 | 8b4c 2440 | 4589 480c | 410f 0d8b | 4001 0000 | 498b f848 
  0x000001d141c5bf40: 83c7 1041 | 0f0d 8b80 | 0100 0048 | c1e9 0348 | 83c1 fe48 | 33c0 4883 | f908 7f10 | 48ff c978 
  0x000001d141c5bf60: 5948 8904 | cf48 ffc9 | 7df7 eb4e | c5fd efc0 | e90d 0000 | 00c5 fe7f | 07c5 fe7f | 4720 4883 
  0x000001d141c5bf80: c740 4883 | e908 7ded | 4883 c104 | 7c0c c5fe | 7f07 4883 | c720 4883 | e904 4883 | c104 7e1a 
  0x000001d141c5bfa0: 48b8 ffff | ffff ffff | ffff c4e2 | f0f5 c0c4 | e1fb 92f8 | 62f1 fe2f | 7f07 498b | e848 8b54 
  0x000001d141c5bfc0: 2450 4c8b | 4424 4844 | 8b4c 2438 | 8b7c 243c | 488b f566 | 6690 c5f8 | 7748 b8ff | ffff ffff 
  0x000001d141c5bfe0: ;   {virtual_call}
  0x000001d141c5bfe0: ffff ffe8 

  0x000001d141c5bfe4: ; ImmutableOopMap {rbp=Oop [32]=Oop }
                      ;*invokeinterface decode {reexecute=0 rethrow=0 return_oop=0}
                      ; - java.lang.String::<init>@692 (line 654)
  0x000001d141c5bfe4: 9833 74ff 

  0x000001d141c5bfe8: ;   {other}
  0x000001d141c5bfe8: 0f1f 8400 | d811 0013 | 8944 2428 | 488b d545 | 33c0 448b | c866 6690 

  0x000001d141c5c000: ;   {static_call}
  0x000001d141c5c000: c5f8 77e8 

  0x000001d141c5c004: ; ImmutableOopMap {rbp=Oop [32]=Oop }
                      ;*invokestatic compress {reexecute=0 rethrow=0 return_oop=1}
                      ; - java.lang.String::<init>@710 (line 656)
  0x000001d141c5c004: 7838 74ff 

  0x000001d141c5c008: ;   {other}
  0x000001d141c5c008: 0f1f 8400 | f811 0014 | 488b d848 | 85c0 0f84 | 3b0d 0000 | 4180 7f40 | 000f 85fd | 1300 0048 
  0x000001d141c5c028: 8b7c 2420 | 4c8b d74c | 8bdb 4489 | 5f14 4c8b | db4d 33da | 49c1 eb14 | 4d85 db74 | 1b49 c1ea 
  0x000001d141c5c048: 0949 b800 | 0011 49d1 | 0100 004d | 03c2 4180 | 3802 0f85 | fc13 0000 | 4488 6710 | e918 f5ff 
  0x000001d141c5c068: ff48 8b54 | 2448 448b | 4424 3844 | 8b4c 2430 | 488b 6c24 | 2066 6690 

  0x000001d141c5c080: ;   {static_call}
  0x000001d141c5c080: c5f8 77e8 

  0x000001d141c5c084: ; ImmutableOopMap {rbp=Oop }
                      ;*invokestatic copyOfRange {reexecute=0 rethrow=0 return_oop=1}
                      ; - java.lang.String::<init>@574 (line 632)
  0x000001d141c5c084: f837 74ff 

  0x000001d141c5c088: ;   {other}
  0x000001d141c5c088: 0f1f 8400 | 7812 0015 | 488b d841 | 807f 4000 | 0f85 4212 | 0000 488b | fd4c 8bc3 | 4d8b d044 
  0x000001d141c5c0a8: 8957 144c | 8bd7 4d8b | d84d 33da | 49c1 eb14 | 4d85 db74 | 204d 85c0 | 741b 49c1 | ea09 49b8 
  0x000001d141c5c0c8: 0000 1149 | d101 0000 | 4d03 c241 | 8038 020f | 8539 1200 | 0044 8867 | 10e9 9bf4 | ffff 6666 
  0x000001d141c5c0e8: 0f1f 8400 | 0000 0000 | 448b 4424 | 7044 8984 | 2488 0000 | 004c 8b5c | 2428 4c89 | 5c24 484c 
  0x000001d141c5c108: 8b5c 2430 | 4c89 9c24 | 8000 0000 | 448b 4424 | 3c44 8944 | 2434 448b | 6c24 4048 | 8b6c 2450 
  0x000001d141c5c128: 448b 4424 | 4444 8944 | 2438 488b | 4c24 68e9 | 1e02 0000 | 4181 fb00 | 0010 000f | 87a3 1700 
  0x000001d141c5c148: 0041 81fb | 0000 1000 | 0f87 3215 | 0000 498b | 97b8 0100 | 0049 83c0 | 1749 8bf8 | 4883 e7f8 
  0x000001d141c5c168: 488b ca48 | 03cf 493b | 8fc8 0100 | 000f 830d | 1500 0049 | 898f b801 | 0000 0f0d 

  0x000001d141c5c184: ;   {no_reloc}
  0x000001d141c5c184: 89c0 0000 | 0048 c702 | 0100 0000 | 0f0d 8900 

  0x000001d141c5c194: ;   {metadata({type array byte})}
  0x000001d141c5c194: 0100 00c7 | 4208 6822 | 0000 4489 | 5a0c 0f0d | 8940 0100 | 0048 8bfa | 4883 c710 | 0f0d 8980 
  0x000001d141c5c1b4: 0100 0049 | c1e8 0349 | 83c0 fe49 | 8bc8 4833 | c048 83f9 | 087f 1048 | ffc9 7859 | 4889 04cf 
  0x000001d141c5c1d4: 48ff c97d | f7eb 4ec5 | fdef c0e9 | 0d00 0000 | c5fe 7f07 | c5fe 7f47 | 2048 83c7 | 4048 83e9 
  0x000001d141c5c1f4: 087d ed48 | 83c1 047c | 0cc5 fe7f | 0748 83c7 | 2048 83e9 | 0448 83c1 | 047e 1a48 | b8ff ffff 
  0x000001d141c5c214: ffff ffff | ffc4 e2f0 | f5c0 c4e1 | fb92 f862 | f1fe 2f7f | 074c 8bc2 | 4c89 4424 | 5849 83c0 
  0x000001d141c5c234: 104c 8944 | 2460 4489 | 5c24 3885 | db7e 6d41 | 8d3c 1a44 | 3bef 0f82 | 0518 0000 | 443b db0f 
  0x000001d141c5c254: 82fc 1700 | 0085 db74 | 504c 63c3 | 4983 f820 | 7622 498b | c948 8b54 | 2460 c5f8 | 7749 bae0 
  0x000001d141c5c274: ff37 41d1 | 0100 0041 

  0x000001d141c5c27c: ;   {other}
  0x000001d141c5c27c: ffd2 0f1f | 8400 0000 | 0000 eb25 | 49ba ffff | ffff ffff | ffff c442 | b8f5 d2c4 | c1fb 92fa 
  0x000001d141c5c29c: 62d1 7faf | 6f01 4c8b | 5424 6062 | d17f 2f7f | 0244 8bd7 | 448b 5c24 | 3449 63cb | 49b8 0000 
  0x000001d141c5c2bc: 1149 d101 | 0000 41bb | 0100 0000 | 4c89 8424 | 8000 0000 | 4489 9c24 | 8c00 0000 | eb2c 448b 
  0x000001d141c5c2dc: 8424 8800 | 0000 443b | 4424 380f | 83cb 1700 | 004c 8b44 | 2458 4188 | 7438 1049 | 8b97 5004 
  0x000001d141c5c2fc: ; ImmutableOopMap {[32]=Oop [72]=Oop [88]=Oop [96]=Derived_oop_[88] }
                      ;*goto {reexecute=1 rethrow=0 return_oop=0}
                      ; - (reexecute) java.lang.String::<init>@140 (line 554)
                      ;   {poll}
  0x000001d141c5c2fc: 0000 8502 | 458b d341 | 8bd9 443b | 5424 340f | 8dad 0800 | 0045 3bd5 | 0f83 4a15 | 0000 4d63 
  0x000001d141c5c31c: da4c 8bc1 | 4d2b c349 | 83c0 0149 | 83e0 fe45 | 8bd8 4503 | da4d 63c3 | 4983 c0fe | 4c3b c50f 
  0x000001d141c5c33c: 8323 1500 | 0044 8b5c | 2434 4181 | fbfe ffff | 7f0f 8f41 | 1500 0089 | 9c24 8800 | 0000 4c8b 
  0x000001d141c5c35c: 5c24 4847 | 0fbe 4413 | 1041 8bf0 | 448b 8c24 | 8800 0000 | 41ff c148 | 63bc 2488 | 0000 0045 
  0x000001d141c5c37c: 8d5a 0145 | 85c0 0f8d | 52ff ffff | 4181 e0fe | 0000 0041 | 81f8 c200 | 0000 0f85 | 7405 0000 
  0x000001d141c5c39c: 443b 5c24 | 340f 8d69 | 0500 0045 | 3bdd 0f83 | 4314 0000 | 4d63 c248 | 8b5c 2448 | 460f be44 
  0x000001d141c5c3bc: 0311 4183 | f8c0 0f8d | 4805 0000 | 4489 5c24 | 7448 897c | 2478 4489 | 4c24 7048 | 894c 2468 
  0x000001d141c5c3dc: 448b 4c24 | 3844 894c | 2444 4889 | 6c24 5044 | 896c 2440 | 448b 4c24 | 3444 894c | 243c 4c8b 
  0x000001d141c5c3fc: ;   {no_reloc}
  0x000001d141c5c3fc: 9c24 8000 | 0000 4c89 | 5c24 3041 | 8bea 4889 | 5c24 288b | d666 6690 

  0x000001d141c5c414: ;   {static_call}
  0x000001d141c5c414: c5f8 77e8 

  0x000001d141c5c418: ; ImmutableOopMap {[32]=Oop [40]=Oop [88]=Oop [96]=Derived_oop_[88] }
                      ;*invokestatic decode2 {reexecute=0 rethrow=0 return_oop=0}
                      ; - java.lang.String::<init>@184 (line 559)
  0x000001d141c5c418: 6473 3700 

  0x000001d141c5c41c: ;   {other}
  0x000001d141c5c41c: 0f1f 8400 | 0c16 0017 | 448b 9c24 | 8800 0000 | 443b 5c24 | 440f 83e9 | 1300 004c | 8b54 2478 
  0x000001d141c5c43c: 4c8b 5c24 | 5843 8844 | 1310 448d | 5502 443b | 5424 3c0f | 8c9b fcff | ff44 3b54 | 243c 0f84 
  0x000001d141c5c45c: d80b 0000 | 448b 4424 | 7044 8944 | 2450 4489 | 5424 544c | 8b54 2428 | 4c89 5424 | 484c 8b54 
  0x000001d141c5c47c: 2430 4c89 | 9424 8000 | 0000 448b | 5c24 3c44 | 895c 2434 | 448b 5424 | 4444 8954 | 2438 e98e 
  0x000001d141c5c49c: 0400 0090 | 418b ed8b | fd44 8bed | 4103 fe49 | 63ce 4c8d | 1c08 c4e1 | f97e cb42 | 0fbe 5c1b 
  0x000001d141c5c4bc: 1048 63f7 | 0fb7 eb85 | db0f 4cea | c4e1 f97e | db66 896c | 4b10 c4e1 | f97e cb42 | 0fbe 5c1b 
  0x000001d141c5c4dc: 110f b7eb | 85db 0f4c | eac4 e1f9 | 7edb 6689 | 6c4b 12c4 | e1f9 7ecb | 460f be5c | 1b12 410f 
  0x000001d141c5c4fc: b7eb 4585 | db0f 4cea | c4c1 f97e | db66 4189 | 6c4b 1444 | 0fbe 5c33 | 1341 0fb7 

  0x000001d141c5c518: ;   {no_reloc}
  0x000001d141c5c518: eb45 85db | 0f4c eac4 | c1f9 7edb | 6641 896c | 4b16 440f | be5c 3314 | 410f b7eb | 4585 db0f 
  0x000001d141c5c538: 4cea c4c1 | f97e db66 | 4189 6c4b | 1844 0fbe | 5c33 1541 | 0fb7 eb45 | 85db 0f4c | eac4 c1f9 
  0x000001d141c5c558: 7edb 6641 | 896c 4b1a | 440f be5c | 3316 410f | b7eb 4585 | db0f 4cea | c4c1 f97e | db66 4189 
  0x000001d141c5c578: 6c4b 1c44 | 0fbe 5c33 | 1741 0fb7 | eb45 85db | 0f4c eac4 | c1f9 7edb | 6641 896c | 4b1e 440f 
  0x000001d141c5c598: be5c 3318 | 410f b7eb | 4585 db0f | 4cea c4c1 | f97e db66 | 4189 6c4b | 2044 0fbe | 5c33 1941 
  0x000001d141c5c5b8: 0fb7 eb45 | 85db 0f4c | eac4 c1f9 | 7edb 6641 | 896c 4b22 | 440f be5c | 331a 410f | b7eb 4585 
  0x000001d141c5c5d8: db0f 4cea | c4c1 f97e | db66 4189 | 6c4b 2444 | 0fbe 5c33 | 1b41 0fb7 | eb45 85db | 0f4c eac4 
  0x000001d141c5c5f8: c1f9 7edb | 6641 896c | 4b26 440f | be5c 331c | 410f b7eb | 4585 db0f | 4cea c4c1 | f97e db66 
  0x000001d141c5c618: ;   {no_reloc}
  0x000001d141c5c618: 4189 6c4b | 2844 0fbe | 5c33 1d41 | 0fb7 eb45 | 85db 0f4c | eac4 c1f9 | 7edb 6641 | 896c 4b2a 
  0x000001d141c5c638: 440f be5c | 331e 410f | b7eb 4585 | db0f 4cea | c4c1 f97e | db66 4189 | 6c4b 2c44 | 0fbe 5c33 
  0x000001d141c5c658: 1f41 0fb7 | eb45 85db | 0f4c eac4 | c1f9 7edb | 6641 896c | 4b2e 440f | be5c 3320 | 410f b7eb 
  0x000001d141c5c678: 4585 db0f | 4cea c4c1 | f97e db66 | 4189 6c4b | 3044 0fbe | 5c33 2141 | 0fb7 eb45 | 85db 0f4c 
  0x000001d141c5c698: eac4 c1f9 | 7edb 6641 | 896c 4b32 | 440f be5c | 3322 410f | b7eb 4585 | db0f 4cea | c4c1 f97e 
  0x000001d141c5c6b8: db66 4189 | 6c4b 3444 | 0fbe 5c33 | 2341 0fb7 | eb45 85db | 0f4c eac4 | c1f9 7edb | 6641 896c 
  0x000001d141c5c6d8: 4b36 440f | be5c 3324 | 410f b7eb | 4585 db0f | 4cea c4c1 | f97e db66 | 4189 6c4b | 3844 0fbe 
  0x000001d141c5c6f8: 5c33 2541 | 0fb7 eb45 | 85db 0f4c | eac4 c1f9 | 7edb 6641 | 896c 4b3a | 440f be5c | 3326 410f 
  0x000001d141c5c718: ;   {no_reloc}
  0x000001d141c5c718: b7eb 4585 | db0f 4cea | c4c1 f97e | db66 4189 | 6c4b 3c44 | 0fbe 5c33 | 2741 0fb7 | eb45 85db 
  0x000001d141c5c738: 0f4c eac4 | c1f9 7edb | 6641 896c | 4b3e 440f | be5c 3328 | 410f b7eb | 4585 db0f | 4cea c4c1 
  0x000001d141c5c758: f97e db66 | 4189 6c4b | 4044 0fbe | 5c33 2941 | 0fb7 eb45 | 85db 0f4c | eac4 c1f9 | 7edb 6641 
  0x000001d141c5c778: 896c 4b42 | 440f be5c | 332a 410f | b7eb 4585 | db0f 4cea | c4c1 f97e | db66 4189 | 6c4b 4444 
  0x000001d141c5c798: 0fbe 5c33 | 2b41 0fb7 | eb45 85db | 0f4c eac4 | c1f9 7edb | 6641 896c | 4b46 440f | be5c 332c 
  0x000001d141c5c7b8: 410f b7eb | 4585 db0f | 4cea c4c1 | f97e db66 | 4189 6c4b | 4844 0fbe | 5c33 2d41 | 0fb7 eb45 
  0x000001d141c5c7d8: 85db 0f4c | eac4 c1f9 | 7edb 6641 | 896c 4b4a | 440f be5c | 332e 410f | b7eb 4585 | db0f 4cea 
  0x000001d141c5c7f8: c4c1 f97e | db66 4189 | 6c4b 4c44 | 0fbe 5c33 | 2f41 0fb7 | f345 85db | 0f4c f2c4 | c1f9 7edb 
  0x000001d141c5c818: ;   {no_reloc}
  0x000001d141c5c818: 6641 8974 | 4b4e 458d | 5e20 458b | f345 3bd8 | 0f8c 72fc | ffff 4d8b | 9f50 0400 | 0083 c71f 
  0x000001d141c5c838: ; ImmutableOopMap {rbx=Oop xmm3=Oop [32]=Oop }
                      ;*goto {reexecute=1 rethrow=0 return_oop=0}
                      ; - (reexecute) java.lang.String::<init>@503 (line 613)
                      ;   {poll}
  0x000001d141c5c838: ffc7 4185 | 0345 8bde | 453b d97d | 52c5 f97e | c648 8bfb | 418b edc4 | c1f9 7ed6 | c5f9 7ee1 
  0x000001d141c5c858: c4e1 f97e | db45 8bc1 | 452b c345 | 3bcb 440f | 4cc1 4181 | f800 7d00 | 0045 0f47 | c245 03c3 
  0x000001d141c5c878: c5f9 6ec6 | c4e1 f96e | cfc4 c1f9 | 6ed6 458b | f3c5 f96e | e1c4 e1f9 | 6edb e90c | fcff ffc5 
  0x000001d141c5c898: f97e c648 | 8bfb c4e1 | f97e d5c4 | e1f9 7edb | 443b de0f | 8d4e f5ff | ff66 6690 | 4d63 c34e 
  0x000001d141c5c8b8: 8d14 0046 | 0fbe 5417 | 1045 0fb7 | ca45 85d2 | 440f 4cca | 6646 894c | 4310 41ff | c344 3bde 
  0x000001d141c5c8d8: 7cda e920 | f5ff ff4c | 8b5c 2448 | 4c89 5c24 

  0x000001d141c5c8e8: ;   {metadata({type array byte})}
  0x000001d141c5c8e8: 2848 ba68 | 2200 4fd1 | 0100 0045 | 8bc5 6690 

  0x000001d141c5c8f8: ;   {runtime_call _new_array_nozero_Java}
  0x000001d141c5c8f8: c5f8 77e8 

  0x000001d141c5c8fc: ; ImmutableOopMap {[32]=Oop [40]=Oop [72]=Oop }
                      ;*invokevirtual clone {reexecute=1 rethrow=0 return_oop=1}
                      ; - (reexecute) java.util.Arrays::copyOfRange@18 (line 3856)
                      ; - java.lang.String::<init>@66 (line 540)
  0x000001d141c5c8fc: 8028 82ff 

  0x000001d141c5c900: ;   {other}
  0x000001d141c5c900: 0f1f 8400 | f01a 0019 | 488b d8e9 | e2ea ffff | 443b 5424 | 340f 84ca | 0500 0044 | 8b9c 2488 
  0x000001d141c5c920: 0000 0044 | 895c 2450 | 4489 5424 | 548b 5424 | 3848 8b6c | 2420 6690 

  0x000001d141c5c938: ;   {static_call}
  0x000001d141c5c938: c5f8 77e8 

  0x000001d141c5c93c: ; ImmutableOopMap {rbp=Oop [32]=Oop [72]=Oop [88]=Oop [96]=Derived_oop_[88] }
                      ;*invokestatic newBytesFor {reexecute=0 rethrow=0 return_oop=1}
                      ; - java.lang.String::<init>@238 (line 577)
  0x000001d141c5c93c: c03a 4ef9 

  0x000001d141c5c940: ;   {other}
  0x000001d141c5c940: 0f1f 8400 | 301b 001a | 8b5c 2450 | 85db 0f8c | c20f 0000 | 448b 5424 | 3844 3b54 | 2450 0f82 
  0x000001d141c5c960: b20f 0000 | 448b 5424 | 5041 d1e2 | 4585 d20f | 8cdb 0f00 | 0048 8be8 | 448b 580c | 453b da0f 
  0x000001d141c5c980: 82ce 0f00 | 0048 8bf8 | 4883 c710 | 488b 7424 | 608b 5424 | 508b caf7 | c2f0 ffff | ff0f 8484 
  0x000001d141c5c9a0: 0000 00f7 | c200 f0ff | ff0f 8454 | 0000 0083 | e11f 83e2 | e074 1f48 | 8d34 1648 | 8d3c 5748 
  0x000001d141c5c9c0: f7da 62f2 | 7d48 3004 | 1662 f1ff | 487f 0457 | 4883 c220 | 75ec f7c1 | ffff ffff | 0f84 b200 
  0x000001d141c5c9e0: 0000 baff | ffff ffc4 | e271 f7d2 | f7d2 c5fb | 92fa 62f2 | 7dcf 3006 | 62f1 ff4f | 7f07 e991 
  0x000001d141c5ca00: 0000 0083 | e10f 83e2 | f074 1c48 | 8d34 1648 | 8d3c 5748 | f7da c4e2 | 7d30 0416 | c5fe 7f04 
  0x000001d141c5ca20: 5748 83c2 | 1075 ef8b | d183 e107 | 83e2 f874 | 27c4 e279 | 3006 c5fa | 7f07 4883 

  0x000001d141c5ca3c: ;   {no_reloc}
  0x000001d141c5ca3c: c608 4883 | c710 e911 | 0000 00c4 | e279 3004 | 16c5 fa7f | 0457 4883 | c208 75ef | 8bd1 83fa 
  0x000001d141c5ca5c: 047c 19c5 | f96e 06c4 | e279 30c0 | c5f9 d607 | 4883 ea04 | 4883 c604 | 4883 c708 | 85d2 7418 
  0x000001d141c5ca7c: 488d 3416 | 488d 3c57 | 48f7 da0f | b60c 1666 | 890c 5748 | ffc2 75f3 | 488b 5424 | 4844 8b44 
  0x000001d141c5ca9c: 2454 448b | 4c24 3448 | 8bf8 8b74 | 2450 8b8c | 248c 0000 | 0066 6690 

  0x000001d141c5cab4: ;   {static_call}
  0x000001d141c5cab4: c5f8 77e8 

  0x000001d141c5cab8: ; ImmutableOopMap {rbp=Oop [32]=Oop }
                      ;*invokestatic decodeUTF8_UTF16 {reexecute=0 rethrow=0 return_oop=0}
                      ; - java.lang.String::<init>@267 (line 580)
  0x000001d141c5cab8: 04ed 3d00 

  0x000001d141c5cabc: ;   {other}
  0x000001d141c5cabc: 0f1f 8400 | ac1c 001b | 3b44 2438 | 0f84 0f04 | 0000 448d | 0400 488b | d548 8b6c | 2420 6690 
  0x000001d141c5cadc: ;   {static_call}
  0x000001d141c5cadc: c5f8 77e8 

  0x000001d141c5cae0: ; ImmutableOopMap {rbp=Oop [32]=Oop }
                      ;*invokestatic copyOf {reexecute=0 rethrow=0 return_oop=1}
                      ; - java.lang.String::<init>@285 (line 582)
  0x000001d141c5cae0: 5c48 d9ff 

  0x000001d141c5cae4: ;   {other}
  0x000001d141c5cae4: 0f1f 8400 | d41c 001c | 488b d841 | 807f 4000 | 0f85 b709 | 0000 488b | 7c24 204c | 8bd7 4c8b 
  0x000001d141c5cb04: c344 8947 | 144c 8bdb | 4d33 da49 | c1eb 144d | 85db 7421 | 4885 db74 | 1c49 c1ea | 094c 8b9c 
  0x000001d141c5cb24: 2480 0000 | 004d 03da | 4d8b d341 | 803b 020f | 85b0 0900 | 00c6 4710 | 01e9 3fea | ffff 488b 
  0x000001d141c5cb44: 5424 4844 | 8b44 2438 | 448b 4c24 | 2848 8b6c | 2420 6690 

  0x000001d141c5cb58: ;   {static_call}
  0x000001d141c5cb58: c5f8 77e8 

  0x000001d141c5cb5c: ; ImmutableOopMap {rbp=Oop }
                      ;*invokestatic copyOfRange {reexecute=0 rethrow=0 return_oop=1}
                      ; - java.lang.String::<init>@441 (line 605)
  0x000001d141c5cb5c: 202d 74ff 

  0x000001d141c5cb60: ;   {other}
  0x000001d141c5cb60: 0f1f 8400 | 501d 001d | 488b d841 | 807f 4000 | 0f85 c809 | 0000 488b | fd4c 8bc3 | 4d8b d844 
  0x000001d141c5cb80: 895f 144c | 8bd7 4d8b | d84d 33da | 49c1 eb14 | 4d85 db74 | 204d 85c0 | 741b 49c1 | ea09 49b8 
  0x000001d141c5cba0: 0000 1149 | d101 0000 | 4d03 c241 | 8038 020f | 85bf 0900 | 0044 8867 | 10e9 c3e9 | ffff 443b 
  0x000001d141c5cbc0: 5424 340f | 8490 0400 | 0089 5c24 | 5044 8954 | 2454 e956 | fdff ff44 | 8b54 2438 | e967 efff 
  0x000001d141c5cbe0: ff4c 8b54 | 2420 41c6 | 4210 0185 | ed0f 8c01 | 0f00 0044 | 8b44 2450 | 443b c50f | 82f3 0e00 
  0x000001d141c5cc00: 0081 fdff | ffff 3f0f | 87e7 0e00 | 0044 8d04 | 6d00 0000 | 0041 81f8 | 0000 1000 | 0f87 ea0e 
  0x000001d141c5cc20: 0000 4d63 | d041 81f8 | 0000 1000 | 0f87 4a0b | 0000 498b | 9fb8 0100 | 0049 83c2 | 1749 83e2 
  0x000001d141c5cc40: f84c 8bdb | 4d03 da4d | 3b9f c801 | 0000 0f83 | 280b 0000 | 4d89 9fb8 | 0100 0041 

  0x000001d141c5cc5c: ;   {no_reloc}
  0x000001d141c5cc5c: 0f0d 8bc0 | 0000 0048 | c703 0100 | 0000 410f | 0d8b 0001 

  0x000001d141c5cc70: ;   {metadata({type array byte})}
  0x000001d141c5cc70: 0000 c743 | 0868 2200 | 0044 8943 | 0c41 0f0d | 8b40 0100 | 0041 0f0d | 8b80 0100 | 0048 8b4c 
  0x000001d141c5cc90: 2440 4883 | c110 488b | d348 83c2 | 104c 63c5 | c5f8 7749 | ba80 0538 | 41d1 0100 | 0041 ffd2 
  0x000001d141c5ccb0: ;   {other}
  0x000001d141c5ccb0: 0f1f 8400 | 0000 0000 | 4180 7f40 | 000f 852d | 0900 004c | 8b54 2420 | 4c8b db4c | 8b44 2420 
  0x000001d141c5ccd0: 4589 5814 | 4c8b db4d | 33da 49c1 | eb14 4d85 | db0f 849a | e8ff ff49 | c1ea 0949 | b800 0011 
  0x000001d141c5ccf0: 49d1 0100 | 004d 03c2 | 4180 3802 | 0f84 7fe8 | ffff 4d8b | 5748 4d8b | 5f58 f083 | 4424 c000 
  0x000001d141c5cd10: 4180 3800 | 0f84 67e8 | ffff 4588 | 204d 85d2 | 7523 498b | c849 8bd7 | c5f8 7749 | bac0 021d 
  0x000001d141c5cd30: 2bf9 7f00 | 0041 ffd2 

  0x000001d141c5cd38: ;   {other}
  0x000001d141c5cd38: 0f1f 8400 | 0000 0000 | e93c e8ff | ff4f 8944 | 13f8 4983 | c2f8 4d89 | 5748 e92a | e8ff ff4c 
  0x000001d141c5cd58: 8b54 2420 | 41c6 4210 | 0144 8b54 | 2428 4585 | d20f 8ca5 | 0d00 0044 | 8b44 2458 | 453b c20f 
  0x000001d141c5cd78: 8297 0d00 | 0041 81fa | ffff ff3f | 0f87 8a0d | 0000 478d | 0412 4181 | f800 0010 | 000f 8791 
  0x000001d141c5cd98: 0d00 004d | 63d0 4181 | f800 0010 | 000f 87f5 | 0900 0049 | 8b9f b801 | 0000 4983 | c217 4983 
  0x000001d141c5cdb8: e2f8 4c8b | db4d 03da | 4d3b 9fc8 | 0100 000f | 83d3 0900 | 004d 899f | b801 0000 | 410f 0d8b 
  0x000001d141c5cdd8: c000 0000 | 48c7 0301 | 0000 0041 | 0f0d 8b00 

  0x000001d141c5cde8: ;   {metadata({type array byte})}
  0x000001d141c5cde8: 0100 00c7 | 4308 6822 | 0000 4489 | 430c 410f | 0d8b 4001 | 0000 410f | 0d8b 8001 | 0000 488b 
  0x000001d141c5ce08: cd48 83c1 | 1048 8bd3 | 4883 c210 | 448b 5424 | 284d 63c2 | c5f8 7749 | ba80 0538 | 41d1 0100 
  0x000001d141c5ce28: 0041 ffd2 

  0x000001d141c5ce2c: ;   {other}
  0x000001d141c5ce2c: 0f1f 8400 | 0000 0000 | 4180 7f40 | 000f 8511 | 0800 004c | 8b54 2420 | 4c8b db4c | 8b44 2420 
  0x000001d141c5ce4c: 4589 5814 | 4c8b db4d | 33da 49c1 | eb14 4d85 | db0f 841e | e7ff ff49 | c1ea 0949 | b800 0011 
  0x000001d141c5ce6c: 49d1 0100 | 004d 03c2 | 4180 3802 | 0f84 03e7 | ffff 4d8b | 5748 4d8b | 5f58 f083 | 4424 c000 
  0x000001d141c5ce8c: 4180 3800 | 0f84 ebe6 | ffff 4588 | 204d 85d2 | 7523 498b | c849 8bd7 | c5f8 7749 | bac0 021d 
  0x000001d141c5ceac: 2bf9 7f00 | 0041 ffd2 

  0x000001d141c5ceb4: ;   {other}
  0x000001d141c5ceb4: 0f1f 8400 | 0000 0000 | e9c0 e6ff | ff4f 8944 | 13f8 4983 | c2f8 4d89 | 5748 e9ae | e6ff ff44 
  0x000001d141c5ced4: 8b54 2438 | e96b ecff | ff48 8bdd | e90a fcff | ff44 8b84 | 2488 0000 | 0044 3b44 | 2438 0f84 
  0x000001d141c5cef4: 1602 0000 | 488b 5424 | 5848 8b6c | 2420 6690 

  0x000001d141c5cf04: ;   {static_call}
  0x000001d141c5cf04: c5f8 77e8 

  0x000001d141c5cf08: ; ImmutableOopMap {rbp=Oop [32]=Oop }
                      ;*invokestatic copyOf {reexecute=0 rethrow=0 return_oop=1}
                      ; - java.lang.String::<init>@219 (line 571)
  0x000001d141c5cf08: 3444 d9ff 

  0x000001d141c5cf0c: ;   {other}
  0x000001d141c5cf0c: 0f1f 8400 | fc20 001e | 488b d841 | 807f 4000 | 0f85 cd07 | 0000 488b | 7c24 204c | 8bdb 4489 
  0x000001d141c5cf2c: 5f14 4c8b | d74c 8bdb | 4d33 da49 | c1eb 144d | 85db 7421 | 4885 db74 | 1c49 c1ea | 094c 8b9c 
  0x000001d141c5cf4c: 2480 0000 | 004d 03da | 4d8b d341 | 803b 020f | 85c6 0700 | 0044 8867 | 10e9 17e6 | ffff bace 
  0x000001d141c5cf6c: ffff ff48 | 8b6c 2420 | 4c8b 4424 | 484c 8944 | 2430 8974 | 243c 6690 

  0x000001d141c5cf84: ;   {runtime_call UncommonTrapBlob}
  0x000001d141c5cf84: c5f8 77e8 

  0x000001d141c5cf88: ; ImmutableOopMap {rbp=Oop [48]=Oop [72]=Oop }
                      ;*invokestatic countPositives {reexecute=0 rethrow=0 return_oop=0}
                      ; - java.lang.String::<init>@47 (line 538)
  0x000001d141c5cf88: 74ad 74ff 

  0x000001d141c5cf8c: ;   {other}
  0x000001d141c5cf8c: 0f1f 8400 | 7c21 001f | 4d63 c8e9 | b8e4 ffff | 4983 c1fe | 498b c948 | 8bfa 4833 | c048 83f9 
  0x000001d141c5cfac: 087f 1048 | ffc9 7859 | 4889 04cf | 48ff c97d | f7eb 4ec5 | fdef c0e9 | 0d00 0000 | c5fe 7f07 
  0x000001d141c5cfcc: c5fe 7f47 | 2048 83c7 | 4048 83e9 | 087d ed48 | 83c1 047c | 0cc5 fe7f | 0748 83c7 | 2048 83e9 
  0x000001d141c5cfec: 0448 83c1 | 047e 1a48 | b8ff ffff | ffff ffff | ffc4 e2f0 | f5c0 c4e1 | fb92 f862 | f1fe 2f7f 
  0x000001d141c5d00c: 07e9 2fe5 | ffff bacc | ffff ff48 | 8b6c 2420 | 4489 5424 | 3044 895c | 2438 6690 

  0x000001d141c5d028: ;   {runtime_call UncommonTrapBlob}
  0x000001d141c5d028: c5f8 77e8 

  0x000001d141c5d02c: ; ImmutableOopMap {rbp=Oop [72]=Oop }
                      ;*newarray {reexecute=1 rethrow=0 return_oop=0}
                      ; - (reexecute) java.util.Arrays::copyOfRangeByte@10 (line 3863)
                      ; - java.util.Arrays::copyOfRange@13 (line 3854)
                      ; - java.lang.String::<init>@66 (line 540)
  0x000001d141c5d02c: d0ac 74ff 

  0x000001d141c5d030: ;   {other}
  0x000001d141c5d030: 0f1f 8400 | 2022 0020 | 448b 4424 | 704c 8b54 | 2430 4c89 | 9424 8000 | 0000 448b | 5c24 4444 
  0x000001d141c5d050: 895c 2438 | e994 feff | ff44 8bc3 | e98c feff | ff49 8bd7 | c5f8 7749 | bae0 021d | 2bf9 7f00 
  0x000001d141c5d070: 0041 ffd2 

  0x000001d141c5d074: ;   {other}
  0x000001d141c5d074: 0f1f 8400 | 0000 0000 | e9cc e4ff | ff48 8b5c | 2420 448b | 5314 4585 | d20f 847d | e8ff ff4d 
  0x000001d141c5d094: 8b5f 2849 | 8bca 4d85 | db0f 8430 | 0700 004d | 8b57 384b | 894c 1af8 | 4983 c3f8 | 4d89 5f28 
  0x000001d141c5d0b4: e957 e8ff | ff4d 8b57 | 484d 8b5f | 58f0 8344 | 24c0 0041 | 8038 000f | 8473 e8ff | ff45 8820 
  0x000001d141c5d0d4: 4d85 d275 | 2349 8bc8 | 498b d7c5 | f877 49ba | c002 1d2b | f97f 0000 

  0x000001d141c5d0ec: ;   {other}
  0x000001d141c5d0ec: 41ff d20f | 1f84 0000 | 0000 00e9 | 48e8 ffff | 4f89 4413 | f849 83c2 | f84d 8957 | 48e9 36e8 
  0x000001d141c5d10c: ffff 488b | 5c24 58e9 | fffd ffff | ba45 ffff | ff48 8b6c | 2420 4489 | 5424 3844 | 8954 2444 
  0x000001d141c5d12c: ;   {runtime_call UncommonTrapBlob}
  0x000001d141c5d12c: c5f8 77e8 

  0x000001d141c5d130: ; ImmutableOopMap {rbp=Oop [72]=Oop }
                      ;*if_icmpge {reexecute=1 rethrow=0 return_oop=0}
                      ; - (reexecute) java.util.Arrays::checkLength@2 (line 3820)
                      ; - java.util.Arrays::copyOfRangeByte@2 (line 3861)
                      ; - java.util.Arrays::copyOfRange@13 (line 3854)
                      ; - java.lang.String::<init>@66 (line 540)
  0x000001d141c5d130: ccab 74ff 

  0x000001d141c5d134: ;   {other}
  0x000001d141c5d134: 0f1f 8400 | 2423 0021 | 488b da44 | 8b52 1445 | 85d2 0f84 | afea ffff | 4d8b 5f28 | 498b ca4d 
  0x000001d141c5d154: 85db 0f84 | 9a07 0000 | 4d8b 5738 | 4b89 4c1a | f849 83c3 | f84d 895f | 28e9 89ea | ffff 4d8b 
  0x000001d141c5d174: 5748 4d8b | 5f58 f083 | 4424 c000 | 4180 3800 | 0f84 acea | ffff 4588 | 204d 85d2 | 7523 498b 
  0x000001d141c5d194: c849 8bd7 | c5f8 7749 | bac0 021d | 2bf9 7f00 | 0041 ffd2 

  0x000001d141c5d1a8: ;   {other}
  0x000001d141c5d1a8: 0f1f 8400 | 0000 0000 | e981 eaff | ff4f 8944 | 13f8 4983 | c2f8 4d89 | 5748 e96f | eaff ff48 
  0x000001d141c5d1c8: 8bfd 448b | 5f14 4585 | db0f 84ee | eaff ff4d | 8b57 2849 | 8bcb 4d85 | d20f 8495 | 0700 004d 
  0x000001d141c5d1e8: 8b5f 384b | 894c 13f8 | 4983 c2f8 | 4d89 5728 | e9c8 eaff | ff4d 8b57 | 584d 8b5f | 48f0 8344 
  0x000001d141c5d208: 24c0 0041 | 8038 000f | 84ec eaff | ff45 8820 | 4d85 db75 | 2349 8bc8 | 498b d7c5 | f877 49ba 
  0x000001d141c5d228: c002 1d2b | f97f 0000 

  0x000001d141c5d230: ;   {other}
  0x000001d141c5d230: 41ff d20f | 1f84 0000 | 0000 00e9 | c1ea ffff | 4f89 441a | f849 83c3 | f84d 895f | 48e9 afea 
  0x000001d141c5d250: ffff 488b | 7c24 2044 | 8b5f 1445 | 85db 0f84 | abeb ffff | 4d8b 5728 | 498b cb4d | 85d2 0f84 
  0x000001d141c5d270: 6107 0000 | 4d8b 5f38 | 4b89 4c13 | f849 83c2 | f84d 8957 | 28e9 85eb | ffff 4d8b | 5748 4d8b 
  0x000001d141c5d290: 5f58 f083 | 4424 c000 | 807d 0000 | 0f84 9ceb | ffff 4488 | 6500 4d85 | d275 2348 | 8bcd 498b 
  0x000001d141c5d2b0: d7c5 f877 | 49ba c002 | 1d2b f97f | 0000 41ff 

  0x000001d141c5d2c0: ;   {other}
  0x000001d141c5d2c0: d20f 1f84 | 0000 0000 | 00e9 70eb | ffff 4b89 | 6c13 f849 | 83c2 f84d | 8957 48e9 | 5eeb ffff 
  0x000001d141c5d2e0: 488b fd44 | 8b5f 1445 | 85db 0f84 | b1ed ffff | 4d8b 5728 | 498b cb4d | 85d2 0f84 | f506 0000 
  0x000001d141c5d300: 4d8b 5f38 | 4b89 4c13 | f849 83c2 | f84d 8957 | 28e9 8bed | ffff 4d8b | 5758 4d8b | 5f48 f083 
  0x000001d141c5d320: 4424 c000 | 4180 3800 | 0f84 afed | ffff 4588 | 204d 85db | 7523 498b | c849 8bd7 | c5f8 7749 
  0x000001d141c5d340: bac0 021d | 2bf9 7f00 | 0041 ffd2 

  0x000001d141c5d34c: ;   {other}
  0x000001d141c5d34c: 0f1f 8400 | 0000 0000 | e984 edff | ff4f 8944 | 1af8 4983 | c3f8 4d89 | 5f48 e972 | edff ff48 
  0x000001d141c5d36c: 8b7c 2420 | 448b 5f14 | 4585 db0f | 8433 e8ff | ff4d 8b57 | 2849 8bcb | 4d85 d20f | 8488 0600 
  0x000001d141c5d38c: 004d 8b5f | 384b 894c | 13f8 4983 | c2f8 4d89 | 5728 e90d | e8ff ff4d | 8b57 484d | 8b5f 58f0 
  0x000001d141c5d3ac: 8344 24c0 | 0041 8038 | 000f 8429 | e8ff ff45 | 8820 4d85 | d275 2349 | 8bc8 498b | d7c5 f877 
  0x000001d141c5d3cc: 49ba c002 | 1d2b f97f | 0000 41ff 

  0x000001d141c5d3d8: ;   {other}
  0x000001d141c5d3d8: d20f 1f84 | 0000 0000 | 00e9 fee7 | ffff 4f89 | 4413 f849 | 83c2 f84d | 8957 48e9 | ece7 ffff 
  0x000001d141c5d3f8: ;   {metadata({type array byte})}
  0x000001d141c5d3f8: 48ba 6822 | 004f d101 | 0000 458b | c348 8b6c | 2420 6690 

  0x000001d141c5d40c: ;   {runtime_call _new_array_Java}
  0x000001d141c5d40c: c5f8 77e8 

  0x000001d141c5d410: ; ImmutableOopMap {rbp=Oop [32]=Oop [72]=Oop [80]=Oop }
                      ;*newarray {reexecute=0 rethrow=0 return_oop=1}
                      ; - java.lang.String::<init>@621 (line 643)
  0x000001d141c5d410: ec20 82ff 

  0x000001d141c5d414: ;   {other}
  0x000001d141c5d414: 0f1f 8400 | 0426 0022 | 488b d8e9 | a8e4 ffff | 488b 7c24 | 2044 8b5f | 1445 85db | 0f84 f6eb 
  0x000001d141c5d434: ffff 4d8b | 5728 498b | cb4d 85d2 | 0f84 ef05 | 0000 4d8b | 5f38 4b89 | 4c13 f849 | 83c2 f84d 
  0x000001d141c5d454: 8957 28e9 | d0eb ffff | 4d8b 5748 | 4d8b 5f58 | f083 4424 | c000 4180 | 3800 0f84 | eceb ffff 
  0x000001d141c5d474: 4588 204d | 85d2 7523 | 498b c849 | 8bd7 c5f8 | 7749 bac0 | 021d 2bf9 | 7f00 0041 

  0x000001d141c5d490: ;   {other}
  0x000001d141c5d490: ffd2 0f1f | 8400 0000 | 0000 e9c1 | ebff ff4f | 8944 13f8 | 4983 c2f8 | 4d89 5748 | e9af ebff 
  0x000001d141c5d4b0: ff48 8b7c | 2420 448b | 5714 4585 | d20f 843c | f6ff ff4d | 8b5f 2849 | 8bca 4d85 | db0f 84c5 
  0x000001d141c5d4d0: 0500 004d | 8b57 384b | 894c 1af8 | 4983 c3f8 | 4d89 5f28 | e916 f6ff | ff4d 8b5f | 484d 8b47 
  0x000001d141c5d4f0: 58f0 8344 | 24c0 0041 | 803a 000f | 8438 f6ff | ff45 8822 | 4d85 db75 | 2349 8bca | 498b d7c5 
  0x000001d141c5d510: f877 49ba | c002 1d2b | f97f 0000 

  0x000001d141c5d51c: ;   {other}
  0x000001d141c5d51c: 41ff d20f | 1f84 0000 | 0000 00e9 | 0df6 ffff | 4f89 5418 | f849 83c3 | f84d 895f | 48e9 fbf5 
  0x000001d141c5d53c: ffff 488b | fd44 8b57 | 1445 85d2 | 0f84 2bf6 | ffff 4d8b | 5f28 498b | ca4d 85db | 0f84 d605 
  0x000001d141c5d55c: 0000 4d8b | 5738 4b89 | 4c1a f849 | 83c3 f84d | 895f 28e9 | 05f6 ffff | 4d8b 5758 | 4d8b 5f48 
  0x000001d141c5d57c: f083 4424 | c000 4180 | 3800 0f84 | 29f6 ffff | 4588 204d | 85db 7523 | 498b c849 | 8bd7 c5f8 
  0x000001d141c5d59c: 7749 bac0 | 021d 2bf9 | 7f00 0041 

  0x000001d141c5d5a8: ;   {other}
  0x000001d141c5d5a8: ffd2 0f1f | 8400 0000 | 0000 e9fe | f5ff ff4f | 8944 1af8 | 4983 c3f8 | 4d89 5f48 | e9ec f5ff 
  0x000001d141c5d5c8: ;   {metadata({type array char})}
  0x000001d141c5d5c8: ff48 bab0 | 1c00 4fd1 | 0100 0044 | 8b44 2440 

  0x000001d141c5d5d8: ;   {runtime_call _new_array_Java}
  0x000001d141c5d5d8: c5f8 77e8 

  0x000001d141c5d5dc: ; ImmutableOopMap {rbp=Oop [32]=Oop [40]=Oop [72]=Oop }
                      ;*newarray {reexecute=0 rethrow=0 return_oop=1}
                      ; - java.lang.String::<init>@779 (line 672)
  0x000001d141c5d5dc: 201f 82ff 

  0x000001d141c5d5e0: ;   {other}
  0x000001d141c5d5e0: 0f1f 8400 | d027 0023 | 4c8b d8e9 | e9e4 ffff | 4c8b 5424 | 2045 8b5a | 1445 85db | 0f84 c1f6 
  0x000001d141c5d600: ffff 4d8b | 5728 498b | cb4d 85d2 | 0f84 4205 | 0000 4d8b | 5f38 4b89 | 4c13 f849 | 83c2 f84d 
  0x000001d141c5d620: 8957 28e9 | 9bf6 ffff 

  0x000001d141c5d628: ;   {metadata({type array char})}
  0x000001d141c5d628: 48ba b01c | 004f d101 | 0000 448b | 4424 4090 

  0x000001d141c5d638: ;   {runtime_call _new_array_Java}
  0x000001d141c5d638: c5f8 77e8 

  0x000001d141c5d63c: ; ImmutableOopMap {rbp=Oop [32]=Oop [72]=Oop [80]=Oop }
                      ;*newarray {reexecute=0 rethrow=0 return_oop=1}
                      ; - java.lang.String::<init>@680 (line 653)
  0x000001d141c5d63c: c01e 82ff 

  0x000001d141c5d640: ;   {other}
  0x000001d141c5d640: 0f1f 8400 | 3028 0024 | 4c8b c0e9 | 6ae9 ffff | 4c8b 5424 | 2045 8b5a | 1445 85db | 0f84 ddf7 
  0x000001d141c5d660: ffff 4d8b | 5728 498b | cb4d 85d2 | 0f84 0205 | 0000 4d8b | 5f38 4b89 | 4c13 f849 | 83c2 f84d 
  0x000001d141c5d680: 8957 28e9 | b7f7 ffff | 8944 243c | 4889 6c24 | 504c 894c | 2440 4489 | 6c24 3844 | 8954 2430 
  0x000001d141c5d6a0: 4c8b 5424 | 484c 8954 | 2428 418b 

  0x000001d141c5d6ac: ;   {metadata({type array byte})}
  0x000001d141c5d6ac: eb48 ba68 | 2200 4fd1 | 0100 0045 | 8bc3 6690 

  0x000001d141c5d6bc: ;   {runtime_call _new_array_Java}
  0x000001d141c5d6bc: c5f8 77e8 

  0x000001d141c5d6c0: ; ImmutableOopMap {[32]=Oop [40]=Oop [64]=Derived_oop_[40] [72]=Oop }
                      ;*newarray {reexecute=0 rethrow=0 return_oop=1}
                      ; - java.lang.String::<init>@86 (line 545)
  0x000001d141c5d6c0: 3c1e 82ff 

  0x000001d141c5d6c4: ;   {other}
  0x000001d141c5d6c4: 0f1f 8400 | b428 0025 | 448b dd44 | 8b54 2430 | 448b 6c24 | 384c 8b4c | 2440 488b | 6c24 508b 
  0x000001d141c5d6e4: 5c24 3c48 | 8bd0 e93a | ebff ff48 | 8b7c 2420 | 448b 5714 | 4585 d20f | 8426 f8ff | ff4d 8b5f 
  0x000001d141c5d704: 2849 8bca | 4d85 db0f | 8483 0400 | 004d 8b57 | 384b 894c | 1af8 4983 | c3f8 4d89 | 5f28 e900 
  0x000001d141c5d724: f8ff ff4d | 8b5f 584d | 8b47 48f0 | 8344 24c0 | 0041 803a | 000f 8422 | f8ff ff45 | 8822 4d85 
  0x000001d141c5d744: c075 2349 | 8bca 498b | d7c5 f877 | 49ba c002 | 1d2b f97f | 0000 41ff 

  0x000001d141c5d75c: ;   {other}
  0x000001d141c5d75c: d20f 1f84 | 0000 0000 | 00e9 f7f7 | ffff 4f89 | 5403 f849 | 83c0 f84d | 8947 48e9 | e5f7 ffff 
  0x000001d141c5d77c: ;   {metadata({type array byte})}
  0x000001d141c5d77c: 48ba 6822 | 004f d101 | 0000 6690 

  0x000001d141c5d788: ;   {runtime_call _new_array_nozero_Java}
  0x000001d141c5d788: c5f8 77e8 

  0x000001d141c5d78c: ; ImmutableOopMap {[32]=Oop [64]=Oop }
                      ;*invokestatic toBytes {reexecute=1 rethrow=0 return_oop=1}
                      ; - (reexecute) java.lang.String::<init>@883 (line 695)
  0x000001d141c5d78c: f019 82ff 

  0x000001d141c5d790: ;   {other}
  0x000001d141c5d790: 0f1f 8400 | 8029 0026 | 488b d8e9 | edf4 ffff 

  0x000001d141c5d7a0: ;   {metadata({type array byte})}
  0x000001d141c5d7a0: 48ba 6822 | 004f d101 | 0000 6690 

  0x000001d141c5d7ac: ;   {runtime_call _new_array_nozero_Java}
  0x000001d141c5d7ac: c5f8 77e8 

  0x000001d141c5d7b0: ; ImmutableOopMap {rbp=Oop [32]=Oop }
                      ;*invokestatic toBytes {reexecute=1 rethrow=0 return_oop=1}
                      ; - (reexecute) java.lang.String::<init>@743 (line 664)
  0x000001d141c5d7b0: cc19 82ff 

  0x000001d141c5d7b4: ;   {other}
  0x000001d141c5d7b4: 0f1f 8400 | a429 0027 | 488b d8e9 | 42f6 ffff | 48ff 7424 | 6048 8f44 | 2440 e910 | e0ff ff49 
  0x000001d141c5d7d4: 8bd7 c5f8 | 7749 bae0 | 021d 2bf9 | 7f00 0041 

  0x000001d141c5d7e4: ;   {other}
  0x000001d141c5d7e4: ffd2 0f1f | 8400 0000 | 0000 e91d | e1ff ffba | e4ff ffff | 488b 6c24 | 2044 8b44 | 2438 4489 
  0x000001d141c5d804: 4424 2c89 | 7424 4044 | 895c 2444 

  0x000001d141c5d810: ;   {runtime_call UncommonTrapBlob}
  0x000001d141c5d810: c5f8 77e8 

  0x000001d141c5d814: ; ImmutableOopMap {rbp=Oop [72]=Oop [88]=Oop }
                      ;*baload {reexecute=0 rethrow=0 return_oop=0}
                      ; - java.lang.String::<init>@163 (line 557)
  0x000001d141c5d814: e8a4 74ff 

  0x000001d141c5d818: ;   {other}
  0x000001d141c5d818: 0f1f 8400 | 082a 0028 | 0fbe e8ba | e4ff ffff | 448b 4424 | 4444 8944 | 2434 6690 

  0x000001d141c5d834: ;   {runtime_call UncommonTrapBlob}
  0x000001d141c5d834: c5f8 77e8 

  0x000001d141c5d838: ; ImmutableOopMap {[32]=Oop [40]=Oop [88]=Oop }
                      ;*bastore {reexecute=0 rethrow=0 return_oop=0}
                      ; - java.lang.String::<init>@188 (line 559)
  0x000001d141c5d838: c4a4 74ff 

  0x000001d141c5d83c: ;   {other}
  0x000001d141c5d83c: 0f1f 8400 | 2c2a 0029 | baf6 ffff | ff66 6690 

  0x000001d141c5d84c: ;   {runtime_call UncommonTrapBlob}
  0x000001d141c5d84c: c5f8 77e8 

  0x000001d141c5d850: ; ImmutableOopMap {rbp=Oop [32]=Oop [40]=Oop [72]=Oop }
                      ;*invokevirtual onUnmappableCharacter {reexecute=0 rethrow=0 return_oop=0}
                      ; - java.lang.String::<init>@773 (line 671)
  0x000001d141c5d850: aca4 74ff 

  0x000001d141c5d854: ;   {other}
  0x000001d141c5d854: 0f1f 8400 | 442a 002a | 4d63 d3e9 | 8ae1 ffff | ba76 ffff | ff48 8b6c | 2420 448b | 4424 3844 
  0x000001d141c5d874: 8944 242c | 895c 2430 | 4489 5424 | 4066 6690 

  0x000001d141c5d884: ;   {runtime_call UncommonTrapBlob}
  0x000001d141c5d884: c5f8 77e8 

  0x000001d141c5d888: ; ImmutableOopMap {rbp=Oop [72]=Oop [88]=Oop }
                      ;*if_icmpge {reexecute=1 rethrow=0 return_oop=0}
                      ; - (reexecute) java.lang.String::<init>@113 (line 550)
  0x000001d141c5d888: 74a4 74ff 

  0x000001d141c5d88c: ;   {other}
  0x000001d141c5d88c: 0f1f 8400 | 7c2a 002b | ba6e ffff | ff48 8b6c | 2420 448b | 4424 3844 | 8944 242c | 895c 2430 
  0x000001d141c5d8ac: 4489 5424 | 4066 6690 

  0x000001d141c5d8b4: ;   {runtime_call UncommonTrapBlob}
  0x000001d141c5d8b4: c5f8 77e8 

  0x000001d141c5d8b8: ; ImmutableOopMap {rbp=Oop [72]=Oop [88]=Oop }
                      ;*if_icmpge {reexecute=1 rethrow=0 return_oop=0}
                      ; - (reexecute) java.lang.String::<init>@113 (line 550)
  0x000001d141c5d8b8: 44a4 74ff 

  0x000001d141c5d8bc: ;   {other}
  0x000001d141c5d8bc: 0f1f 8400 | ac2a 002c | baf6 ffff | ff44 8b5c | 2438 4489 | 5c24 2890 

  0x000001d141c5d8d4: ;   {runtime_call UncommonTrapBlob}
  0x000001d141c5d8d4: c5f8 77e8 

  0x000001d141c5d8d8: ; ImmutableOopMap {rbp=Oop [72]=Oop [80]=Oop }
                      ;*invokevirtual onUnmappableCharacter {reexecute=0 rethrow=0 return_oop=0}
                      ; - java.lang.String::<init>@674 (line 652)
  0x000001d141c5d8d8: 24a4 74ff 

  0x000001d141c5d8dc: ;   {other}
  0x000001d141c5d8dc: 0f1f 8400 | cc2a 002d | 4d63 d2e9 | dee5 ffff | 4c8b 4424 | 60e9 53e8 | ffff 498b | d7c5 f877 
  0x000001d141c5d8fc: 49ba e002 | 1d2b f97f | 0000 41ff 

  0x000001d141c5d908: ;   {other}
  0x000001d141c5d908: d20f 1f84 | 0000 0000 | 00e9 e5e2 | ffff bace | ffff ff4c | 8b54 2448 | 4c89 5424 | 2044 8b54 
  0x000001d141c5d928: 2438 4489 | 5424 2844 | 8b44 2434 | 4489 4424 | 2c48 8944 | 2448 6690 

  0x000001d141c5d940: ;   {runtime_call UncommonTrapBlob}
  0x000001d141c5d940: c5f8 77e8 

  0x000001d141c5d944: ; ImmutableOopMap {rbp=Oop [32]=Oop [72]=Oop [88]=Oop }
                      ;*invokestatic inflate {reexecute=0 rethrow=0 return_oop=0}
                      ; - java.lang.String::<init>@251 (line 578)
  0x000001d141c5d944: b8a3 74ff 

  0x000001d141c5d948: ;   {other}
  0x000001d141c5d948: 0f1f 8400 | 382b 002e | 488b e8ba | ceff ffff | 4c8b 5424 | 484c 8954 | 2428 448b | 5c24 3844 
  0x000001d141c5d968: 895c 2430 

  0x000001d141c5d96c: ;   {runtime_call UncommonTrapBlob}
  0x000001d141c5d96c: c5f8 77e8 

  0x000001d141c5d970: ; ImmutableOopMap {rbp=Oop [32]=Oop [40]=Oop [88]=Oop }
                      ;*invokestatic inflate {reexecute=0 rethrow=0 return_oop=0}
                      ; - java.lang.String::<init>@251 (line 578)
  0x000001d141c5d970: 8ca3 74ff 

  0x000001d141c5d974: ;   {other}
  0x000001d141c5d974: 0f1f 8400 | 642b 002f | 498b d7c5 | f877 49ba | e002 1d2b | f97f 0000 

  0x000001d141c5d98c: ;   {other}
  0x000001d141c5d98c: 41ff d20f | 1f84 0000 | 0000 00e9 | 29e3 ffff | 8b6c 2438 | ba76 ffff | ff4c 895c | 2438 8974 
  0x000001d141c5d9ac: 2434 6690 

  0x000001d141c5d9b0: ;   {runtime_call UncommonTrapBlob}
  0x000001d141c5d9b0: c5f8 77e8 

  0x000001d141c5d9b4: ; ImmutableOopMap {[32]=Oop [56]=Oop [72]=Oop }
                      ;*if_icmpge {reexecute=1 rethrow=0 return_oop=0}
                      ; - (reexecute) java.lang.String::<init>@469 (line 610)
  0x000001d141c5d9b4: 48a3 74ff 

  0x000001d141c5d9b8: ;   {other}
  0x000001d141c5d9b8: 0f1f 8400 | a82b 0030 | 48bd 0000 | 1149 d101 | 0000 41bb | 0100 0000 | e9d3 eeff | ff49 8bd7 
  0x000001d141c5d9d8: c5f8 7749 | bae0 021d | 2bf9 7f00 | 0041 ffd2 

  0x000001d141c5d9e8: ;   {other}
  0x000001d141c5d9e8: 0f1f 8400 | 0000 0000 | e91a e4ff | ff49 8bd7 | c5f8 7749 | bae0 021d | 2bf9 7f00 | 0041 ffd2 
  0x000001d141c5da08: ;   {other}
  0x000001d141c5da08: 0f1f 8400 | 0000 0000 | e98c e6ff | ff49 8bd7 | c5f8 7749 | bae0 021d | 2bf9 7f00 | 0041 ffd2 
  0x000001d141c5da28: ;   {other}
  0x000001d141c5da28: 0f1f 8400 | 0000 0000 | e97b e1ff | ff49 8bd7 | c5f8 7749 | bae0 021d | 2bf9 7f00 | 0041 ffd2 
  0x000001d141c5da48: ;   {other}
  0x000001d141c5da48: 0f1f 8400 | 0000 0000 | e9d7 e5ff | ffba ccff | ffff 488b | 6c24 204c | 8b5c 2448 | 4c89 5c24 
  0x000001d141c5da68: 2044 8b5c | 2438 4489 | 5c24 2c4c | 8b5c 2458 | 4c89 5c24 | 3844 8954 | 2448 895c | 244c 6690 
  0x000001d141c5da88: ;   {runtime_call UncommonTrapBlob}
  0x000001d141c5da88: c5f8 77e8 

  0x000001d141c5da8c: ; ImmutableOopMap {rbp=Oop [32]=Oop [56]=Oop }
                      ;*invokestatic arraycopy {reexecute=0 rethrow=0 return_oop=0}
                      ; - java.lang.String::<init>@102 (line 547)
  0x000001d141c5da8c: 70a2 74ff 

  0x000001d141c5da90: ;   {other}
  0x000001d141c5da90: 0f1f 8400 | 802c 0031 | 498b d7c5 | f877 49ba | e002 1d2b | f97f 0000 

  0x000001d141c5daa8: ;   {other}
  0x000001d141c5daa8: 41ff d20f | 1f84 0000 | 0000 00e9 | 47f0 ffff | bae4 ffff | ff48 8b6c | 2420 4c8b | 5424 484c 
  0x000001d141c5dac8: 8954 2420 | 4489 5c24 | 2844 8b54 | 2438 4489 | 5424 2c44 | 894c 2430 | 8974 244c 

  0x000001d141c5dae4: ;   {runtime_call UncommonTrapBlob}
  0x000001d141c5dae4: c5f8 77e8 

  0x000001d141c5dae8: ; ImmutableOopMap {rbp=Oop [32]=Oop [88]=Oop }
                      ;*bastore {reexecute=0 rethrow=0 return_oop=0}
                      ; - java.lang.String::<init>@139 (line 553)
  0x000001d141c5dae8: 14a2 74ff 

  0x000001d141c5daec: ;   {other}
  0x000001d141c5daec: 0f1f 8400 | dc2c 0032 | bace ffff | ff66 6690 

  0x000001d141c5dafc: ;   {runtime_call UncommonTrapBlob}
  0x000001d141c5dafc: c5f8 77e8 

  0x000001d141c5db00: ; ImmutableOopMap {[32]=Oop [64]=Oop }
                      ;*invokestatic toBytes {reexecute=1 rethrow=0 return_oop=0}
                      ; - (reexecute) java.lang.String::<init>@883 (line 695)
  0x000001d141c5db00: fca1 74ff 

  0x000001d141c5db04: ;   {other}
  0x000001d141c5db04: 0f1f 8400 | f42c 0033 | 4d63 d0e9 | 11f1 ffff | bace ffff | ff66 6690 

  0x000001d141c5db1c: ;   {runtime_call UncommonTrapBlob}
  0x000001d141c5db1c: c5f8 77e8 

  0x000001d141c5db20: ; ImmutableOopMap {rbp=Oop [32]=Oop }
                      ;*invokestatic toBytes {reexecute=1 rethrow=0 return_oop=0}
                      ; - (reexecute) java.lang.String::<init>@743 (line 664)
  0x000001d141c5db20: dca1 74ff 

  0x000001d141c5db24: ;   {other}
  0x000001d141c5db24: 0f1f 8400 | 142d 0034 | 4d63 d0e9 | 6af2 ffff | 498b d7c5 | f877 49ba | e002 1d2b | f97f 0000 
  0x000001d141c5db44: ;   {other}
  0x000001d141c5db44: 41ff d20f | 1f84 0000 | 0000 00e9 | 25f0 ffff | 498b d7c5 | f877 49ba | e002 1d2b | f97f 0000 
  0x000001d141c5db64: ;   {other}
  0x000001d141c5db64: 41ff d20f | 1f84 0000 | 0000 00e9 | 4ff1 ffff | 498b d7c5 | f877 49ba | e002 1d2b | f97f 0000 
  0x000001d141c5db84: ;   {other}
  0x000001d141c5db84: 41ff d20f | 1f84 0000 | 0000 00e9 | abf2 ffff | 498b d7c5 | f877 49ba | e002 1d2b | f97f 0000 
  0x000001d141c5dba4: ;   {other}
  0x000001d141c5dba4: 41ff d20f | 1f84 0000 | 0000 00e9 | 73f3 ffff | baf4 ffff | ff48 8b6c | 2420 4c8b | 5424 284c 
  0x000001d141c5dbc4: 8954 2420 

  0x000001d141c5dbc8: ;   {runtime_call UncommonTrapBlob}
  0x000001d141c5dbc8: c5f8 77e8 

  0x000001d141c5dbcc: ; ImmutableOopMap {rbp=Oop [32]=Oop [72]=Oop }
                      ;*instanceof {reexecute=0 rethrow=0 return_oop=0}
                      ; - java.lang.String::<init>@528 (line 628)
  0x000001d141c5dbcc: 30a1 74ff 

  0x000001d141c5dbd0: ;   {other}
  0x000001d141c5dbd0: 0f1f 8400 | c02d 0035 | ba97 ffff | ff48 8b6c | 2420 6690 

  0x000001d141c5dbe4: ;   {runtime_call UncommonTrapBlob}
  0x000001d141c5dbe4: c5f8 77e8 

  0x000001d141c5dbe8: ; ImmutableOopMap {rbp=Oop [40]=Oop }
                      ;*invokevirtual clone {reexecute=1 rethrow=0 return_oop=0}
                      ; - (reexecute) java.util.Arrays::copyOfRange@18 (line 3856)
                      ; - java.lang.String::<init>@66 (line 540)
  0x000001d141c5dbe8: 14a1 74ff 

  0x000001d141c5dbec: ;   {other}
  0x000001d141c5dbec: 0f1f 8400 | dc2d 0036 | e9fc 0000 | 00e9 f700 | 0000 e9f2 | 0000 00e9 | ed00 0000 | e9e8 0000 
  0x000001d141c5dc0c: 00e9 e300 | 0000 e9de | 0000 00e9 | d900 0000 | e9d4 0000 | 00e9 cf00 | 0000 e9ca | 0000 00e9 
  0x000001d141c5dc2c: c500 0000 | e9c0 0000 | 00e9 bb00 | 0000 448b 

  0x000001d141c5dc3c: ;   {metadata('java/nio/charset/CharacterCodingException')}
  0x000001d141c5dc3c: 5008 4181 | fa18 8a25 | 010f 85aa | 0000 004c | 8bd0 4c89 | 5424 2049 | 8b87 b801 | 0000 4c8b 
  0x000001d141c5dc5c: d049 83c2 | 284d 3b97 | c801 0000 | 0f83 9a00 | 0000 4d89 | 97b8 0100 | 004c 8bd8 | 4983 c310 
  0x000001d141c5dc7c: 48c7 0001 | 0000 0041 | 0f0d 8ac0 

  0x000001d141c5dc88: ;   {metadata('java/lang/Error')}
  0x000001d141c5dc88: 0000 00c7 | 4008 c807 | 0100 4489 | 600c c5fd | efc0 41b8 | 0700 0000 | c4c1 7892 | f862 d1fe 
  0x000001d141c5dca8: 2f7f 0348 | 8be8 488b | d54c 8b44 | 2420 6690 

  0x000001d141c5dcb8: ;   {optimized virtual_call}
  0x000001d141c5dcb8: c5f8 77e8 

  0x000001d141c5dcbc: ; ImmutableOopMap {rbp=Oop }
                      ;*invokespecial <init> {reexecute=0 rethrow=0 return_oop=0}
                      ; - java.lang.Error::<init>@2 (line 102)
                      ; - java.lang.String::<init>@835 (line 684)
  0x000001d141c5dcbc: c011 74ff 

  0x000001d141c5dcc0: ;   {other}
  0x000001d141c5dcc0: 0f1f 8400 | b02e 0037 | 488b d5eb | 2beb 26eb | 24eb 22eb | 20eb 1eeb | 1ceb 1aeb | 18eb 16eb 
  0x000001d141c5dce0: 14eb 12eb | 10eb 0eeb | 0ceb 0aeb | 08eb 06eb | 04eb 02eb | 0048 8bd0 | c5f8 7748 | 81c4 a000 
  0x000001d141c5dd00: ;   {runtime_call _rethrow_Java}
  0x000001d141c5dd00: 0000 5de9 | 788d 82ff 

  0x000001d141c5dd08: ;   {metadata('java/lang/Error')}
  0x000001d141c5dd08: 48ba c807 | 014f d101 | 0000 488b | 6c24 2090 

  0x000001d141c5dd18: ;   {runtime_call _new_instance_Java}
  0x000001d141c5dd18: c5f8 77e8 

  0x000001d141c5dd1c: ; ImmutableOopMap {rbp=Oop [32]=Oop }
                      ;*new {reexecute=0 rethrow=0 return_oop=1}
                      ; - java.lang.String::<init>@829 (line 684)
  0x000001d141c5dd1c: e01a 82ff 

  0x000001d141c5dd20: ;   {other}
  0x000001d141c5dd20: 0f1f 8400 | 102f 0038 | e97e ffff 

  0x000001d141c5dd2c: ;   {internal_word}
  0x000001d141c5dd2c: ff49 ba8c | b5c5 41d1 | 0100 004d | 8997 6004 

  0x000001d141c5dd3c: ;   {runtime_call SafepointBlob}
  0x000001d141c5dd3c: 0000 e93d 

  0x000001d141c5dd40: ;   {runtime_call StubRoutines (final stubs)}
  0x000001d141c5dd40: 8e74 ffe8 | 3880 72ff | e9d1 d4ff | fff4 f4f4 
[Stub Code]
  0x000001d141c5dd50: ;   {no_reloc}
  0x000001d141c5dd50: 48bb 0000 | 0000 0000 

  0x000001d141c5dd58: ;   {runtime_call}
  0x000001d141c5dd58: 0000 e9fb 

  0x000001d141c5dd5c: ;   {static_stub}
  0x000001d141c5dd5c: ffff ff48 | bb00 0000 | 0000 0000 

  0x000001d141c5dd68: ;   {runtime_call}
  0x000001d141c5dd68: 00e9 fbff 

  0x000001d141c5dd6c: ;   {static_stub}
  0x000001d141c5dd6c: ffff 48bb | 0000 0000 | 0000 0000 

  0x000001d141c5dd78: ;   {runtime_call}
  0x000001d141c5dd78: e9fb ffff 

  0x000001d141c5dd7c: ;   {static_stub}
  0x000001d141c5dd7c: ff48 bb00 | 0000 0000 

  0x000001d141c5dd84: ;   {runtime_call}
  0x000001d141c5dd84: 0000 00e9 | fbff ffff 

  0x000001d141c5dd8c: ;   {static_stub}
  0x000001d141c5dd8c: 48bb 0000 | 0000 0000 

  0x000001d141c5dd94: ;   {runtime_call}
  0x000001d141c5dd94: 0000 e9fb 

  0x000001d141c5dd98: ;   {static_stub}
  0x000001d141c5dd98: ffff ff48 | bb00 0000 | 0000 0000 

  0x000001d141c5dda4: ;   {runtime_call}
  0x000001d141c5dda4: 00e9 fbff 

  0x000001d141c5dda8: ;   {static_stub}
  0x000001d141c5dda8: ffff 48bb | 0000 0000 | 0000 0000 

  0x000001d141c5ddb4: ;   {runtime_call}
  0x000001d141c5ddb4: e9fb ffff 

  0x000001d141c5ddb8: ;   {static_stub}
  0x000001d141c5ddb8: ff48 bb00 | 0000 0000 

  0x000001d141c5ddc0: ;   {runtime_call}
  0x000001d141c5ddc0: 0000 00e9 | fbff ffff 

  0x000001d141c5ddc8: ;   {static_stub}
  0x000001d141c5ddc8: 48bb 506f | 024f d101 

  0x000001d141c5ddd0: ;   {runtime_call I2C/C2I adapters}
  0x000001d141c5ddd0: 0000 e92b 

  0x000001d141c5ddd4: ;   {static_stub}
  0x000001d141c5ddd4: 6674 ff48 | bbd0 a745 | 4fd1 0100 

  0x000001d141c5dde0: ;   {runtime_call I2C/C2I adapters}
  0x000001d141c5dde0: 00e9 2fd9 

  0x000001d141c5dde4: ;   {static_stub}
  0x000001d141c5dde4: 71ff 48bb | 0000 0000 | 0000 0000 

  0x000001d141c5ddf0: ;   {runtime_call}
  0x000001d141c5ddf0: e9fb ffff 

  0x000001d141c5ddf4: ;   {static_stub}
  0x000001d141c5ddf4: ff48 bb28 | a845 4fd1 

  0x000001d141c5ddfc: ;   {runtime_call I2C/C2I adapters}
  0x000001d141c5ddfc: 0100 00e9 | 027f 73ff 

  0x000001d141c5de04: ;   {static_stub}
  0x000001d141c5de04: 48bb 0000 | 0000 0000 

  0x000001d141c5de0c: ;   {runtime_call}
  0x000001d141c5de0c: 0000 e9fb 

  0x000001d141c5de10: ;   {runtime_call ExceptionBlob}
  0x000001d141c5de10: ffff ffe9 | e81c 82ff 
[Deopt Handler Code]
  0x000001d141c5de18: e800 0000 | 0048 832c 

  0x000001d141c5de20: ;   {runtime_call DeoptimizationBlob}
  0x000001d141c5de20: 2405 e9f9 | a174 fff4 
[/MachCode]


Compiled method (c2)  196906 12799   !   4       com.mysql.cj.util.StringUtils::toString (62 bytes)
 total in heap  [0x000001d142064290,0x000001d142065530] = 4768
 relocation     [0x000001d1420643f0,0x000001d1420644d8] = 232
 main code      [0x000001d1420644e0,0x000001d142064de0] = 2304
 stub code      [0x000001d142064de0,0x000001d142064e40] = 96
 oops           [0x000001d142064e40,0x000001d142064e60] = 32
 metadata       [0x000001d142064e60,0x000001d142064ed0] = 112
 scopes data    [0x000001d142064ed0,0x000001d142065228] = 856
 scopes pcs     [0x000001d142065228,0x000001d1420653f8] = 464
 dependencies   [0x000001d1420653f8,0x000001d142065400] = 8
 handler table  [0x000001d142065400,0x000001d142065500] = 256
 nul chk table  [0x000001d142065500,0x000001d142065530] = 48

[Constant Pool (empty)]

[MachCode]
[Verified Entry Point]
  # {method} {0x000001d191fd6400} 'toString' '([BIILjava/lang/String;)Ljava/lang/String;' in 'com/mysql/cj/util/StringUtils'
  # parm0:    rdx:rdx   = '[B'
  # parm1:    r8        = int
  # parm2:    r9        = int
  # parm3:    rdi:rdi   = 'java/lang/String'
  #           [sp+0x70]  (sp of caller)
  0x000001d1420644e0: 8984 2400 | 80ff ff55 | 4883 ec60 | 4181 7f20 | 1300 0000 | 0f85 d908 | 0000 4489 | 4c24 1c44 
  0x000001d142064500: 8944 2418 | 4889 5424 | 0848 897c | 2420 4885 | ff0f 84d9 

  0x000001d142064514: ;   {oop("null"{0x0000000084e18480})}
  0x000001d142064514: 0200 0048 | ba80 84e1 | 8400 0000 | 0048 3bfa | 0f84 aa02 | 0000 448b | 5714 458b | 5a0c 440f 
  0x000001d142064534: be57 10c4 | 422a f7db | 4183 fb04 | 0f84 6502 | 0000 498b | 87b8 0100 | 004c 8bd0 | 4983 c218 
  0x000001d142064554: 4d3b 97c8 | 0100 000f | 8353 0300 | 004d 8997 | b801 0000 | 4c8b d849 | 83c3 1048 | c700 0100 
  0x000001d142064574: 0000 410f | 0d8a c000 

  0x000001d14206457c: ;   {metadata('java/lang/String')}
  0x000001d14206457c: 0000 c740 | 0840 e700 | 0044 8960 | 0cc5 fdef | c0c4 c179 | d603 4889 

  0x000001d142064594: ;   {oop(a 'java/lang/Class'{0x0000000084e13c58} = 'java/nio/charset/Charset')}
  0x000001d142064594: 4424 3849 | ba58 3ce1 | 8400 0000 | 0041 8b6a | 7844 8b55 | 0c45 85d2 | 0f86 2703 | 0000 448b 
  0x000001d1420645b4: 5d10 4d8b | c34c 8b4c | 2420 4d3b | c80f 8443 | 0100 0045 | 85db 0f84 | 0a01 0000 | 458b 4308 
  0x000001d1420645d4: ;   {metadata('java/lang/String')}
  0x000001d1420645d4: 4181 f840 | e700 000f | 85f9 0000 | 0045 0fbe | 4110 450f | be4b 1045 | 3bc1 0f85 | e600 0000 
  0x000001d1420645f4: 458b 5b14 | 4c8b 4424 | 2045 8b48 | 1445 8b43 | 0c41 8b49 | 0c41 3bc8 | 0f85 c800 | 0000 4d8b 
  0x000001d142064614: c349 8d73 | 104d 8bd9 | 498d 7910 | 85c9 0f84 | 9d00 0000 | 8bc1 83e0 | 1f83 e1e0 | 0f84 4b00 
  0x000001d142064634: 0000 488d | 3c0f 488d | 340e 48f7 | d9c5 fe6f | 040f c5fe | 6f0c 0ec5 | fdef c1c4 | e27d 17c0 
  0x000001d142064654: 0f85 7200 | 0000 4883 | c120 75e1 | 85c0 0f84 | 5d00 0000 | c5fe 6f44 | 07e0 c5fe | 6f4c 06e0 
  0x000001d142064674: c5fd efc1 | c4e2 7d17 | c075 4deb | 448b c883 | e1fc 7419 | 488d 3c0f | 488d 340e | 48f7 d98b 
  0x000001d142064694: 1c0f 3b1c | 0e75 3148 | 83c1 0475 | f2a8 0274 | 120f b71f | 0fb7 0e3b | d975 1d48 | 8d7f 0248 
  0x000001d1420646b4: 8d76 02a8 | 0174 0a0f | b61f 0fb6 | 0e3b d975 | 07b8 0100 | 0000 eb02 | 33c0 c5fd 

  0x000001d1420646d0: ;   {no_reloc}
  0x000001d1420646d0: efc0 c5f5 | efc9 85c0 | 7530 488b | 5424 2048 | 8b6c 2438 | 4889 1424 | 4889 5424 | 1066 6690 
  0x000001d1420646f0: ;   {static_call}
  0x000001d1420646f0: c5f8 77e8 

  0x000001d1420646f4: ; ImmutableOopMap {rbp=Oop [0]=Oop [8]=Oop [16]=Oop [32]=Oop [56]=Oop }
                      ;*invokestatic lookup2 {reexecute=0 rethrow=0 return_oop=1}
                      ; - java.nio.charset.Charset::lookup@40 (line 476)
                      ; - java.nio.charset.Charset::forName@1 (line 540)
                      ; - java.lang.String::lookupCharset@6 (line 859)
                      ; - java.lang.String::<init>@3 (line 488)
                      ; - com.mysql.cj.util.StringUtils::toString@32 (line 1397)
  0x000001d1420646f4: 88b1 33ff 

  0x000001d1420646f8: ;   {other}
  0x000001d1420646f8: 0f1f 8400 | 6804 0000 | 4885 c075 | 3de9 0e03 | 0000 4183 | fa01 0f86 | 8c02 0000 | 8b6d 1444 
  0x000001d142064718: ;   {metadata('java/nio/charset/Charset')}
  0x000001d142064718: 8b55 0849 | bbb0 f800 | 4fd1 0100 | 0049 b800 | 0000 4fd1 | 0100 004d | 03c2 4d8b | 5038 4d3b 
  0x000001d142064738: d30f 859d | 0200 0048 | 8bc5 4c8b | 4c24 0845 | 8b59 0c41 | 8beb 0b6c | 2418 0b6c | 241c 85ed 
  0x000001d142064758: 0f8c ae01 | 0000 418b | eb2b 6c24 | 188b 7424 | 1c3b f50f | 8fe7 0100 | 0048 8b54 | 2438 4c8b 
  0x000001d142064778: c08b 7c24 | 1866 6690 

  0x000001d142064780: ;   {optimized virtual_call}
  0x000001d142064780: c5f8 77e8 

  0x000001d142064784: ; ImmutableOopMap {[32]=Oop [56]=Oop }
                      ;*invokespecial <init> {reexecute=0 rethrow=0 return_oop=0}
                      ; - java.lang.String::<init>@15 (line 488)
                      ; - com.mysql.cj.util.StringUtils::toString@32 (line 1397)
  0x000001d142064784: 786a bfff 

  0x000001d142064788: ;   {other}
  0x000001d142064788: 0f1f 8400 | f804 0001 | 488b 4424 | 38c5 f877 | 4883 c460 

  0x000001d14206479c: ;   {poll_return}
  0x000001d14206479c: 5d49 3ba7 | 4804 0000 | 0f87 1306 | 0000 c3b9 | 0400 0000 | 41b8 0100 | 0000 4533 | c933 f690 
  0x000001d1420647bc: ;   {optimized virtual_call}
  0x000001d1420647bc: c5f8 77e8 

  0x000001d1420647c0: ; ImmutableOopMap {[8]=Oop [32]=Oop }
                      ;*invokevirtual regionMatches {reexecute=0 rethrow=0 return_oop=0}
                      ; - java.lang.String::equalsIgnoreCase@33 (line 1993)
                      ; - com.mysql.cj.util.StringUtils::toString@7 (line 1393)
  0x000001d1420647c0: bca6 33ff 

  0x000001d1420647c4: ;   {other}
  0x000001d1420647c4: 0f1f 8400 | 3405 0002 | 85c0 0f84 | 72fd ffff | ba45 ffff | ff48 8b6c | 2408 6690 

  0x000001d1420647e0: ;   {runtime_call UncommonTrapBlob}
  0x000001d1420647e0: c5f8 77e8 

  0x000001d1420647e4: ; ImmutableOopMap {rbp=Oop }
                      ;*ifeq {reexecute=1 rethrow=0 return_oop=0}
                      ; - (reexecute) com.mysql.cj.util.StringUtils::toString@10 (line 1393)
  0x000001d1420647e4: 1835 34ff 

  0x000001d1420647e8: ;   {other}
  0x000001d1420647e8: 0f1f 8400 | 5805 0003 | 498b 87b8 | 0100 004c | 8bd0 4983 | c218 4d3b | 97c8 0100 | 000f 8355 
  0x000001d142064808: 0200 004d | 8997 b801 | 0000 410f | 0d8a c000 | 0000 48c7 | 0001 0000 | 004c 8bd0 | 4983 c210 
  0x000001d142064828: ;   {metadata('java/lang/String')}
  0x000001d142064828: c740 0840 | e700 0044 | 8960 0cc5 | fdef c0c4 | c179 d602 | 4c8b d04c | 8954 2420 | 498b ea90 
  0x000001d142064848: ;   {static_call}
  0x000001d142064848: c5f8 77e8 

  0x000001d14206484c: ; ImmutableOopMap {rbp=Oop [8]=Oop [32]=Oop }
                      ;*invokestatic defaultCharset {reexecute=0 rethrow=0 return_oop=1}
                      ; - java.lang.String::<init>@1 (line 1455)
                      ; - com.mysql.cj.util.StringUtils::toString@20 (line 1394)
  0x000001d14206484c: 30b0 33ff 

  0x000001d142064850: ;   {other}
  0x000001d142064850: 0f1f 8400 | c005 0004 | 4c8b 5c24 | 0841 8b5b | 0c8b eb0b | 6c24 180b | 6c24 1c85 | ed0f 8c12 
  0x000001d142064870: 0200 008b | eb2b 6c24 | 188b 4c24 | 1c3b cd0f | 8f33 0200 | 0048 8b54 | 2420 4c8b | c04d 8bcb 
  0x000001d142064890: 8b7c 2418 | 8bf1 488b | ea66 6690 

  0x000001d14206489c: ;   {optimized virtual_call}
  0x000001d14206489c: c5f8 77e8 

  0x000001d1420648a0: ; ImmutableOopMap {rbp=Oop }
                      ;*invokespecial <init> {reexecute=0 rethrow=0 return_oop=0}
                      ; - java.lang.String::<init>@13 (line 1455)
                      ; - com.mysql.cj.util.StringUtils::toString@20 (line 1394)
  0x000001d1420648a0: dca5 33ff 

  0x000001d1420648a4: ;   {other}
  0x000001d1420648a4: 0f1f 8400 | 1406 0005 | 488b c5e9 | e1fe ffff 

  0x000001d1420648b4: ;   {metadata('java/lang/String')}
  0x000001d1420648b4: 48ba 40e7 | 004f d101 | 0000 488b | 6c24 0890 

  0x000001d1420648c4: ;   {runtime_call _new_instance_Java}
  0x000001d1420648c4: c5f8 77e8 

  0x000001d1420648c8: ; ImmutableOopMap {rbp=Oop [8]=Oop [32]=Oop }
                      ;*new {reexecute=0 rethrow=0 return_oop=1}
                      ; - com.mysql.cj.util.StringUtils::toString@24 (line 1397)
  0x000001d1420648c8: 34af 41ff 

  0x000001d1420648cc: ;   {other}
  0x000001d1420648cc: 0f1f 8400 | 3c06 0006 | e9b9 fcff | ffba e4ff | ffff 48ff | 7424 2048 | 8f04 2444 | 8b54 2418 
  0x000001d1420648ec: 4489 5424 | 1044 8b5c | 241c 4489 | 5c24 1490 

  0x000001d1420648fc: ;   {runtime_call UncommonTrapBlob}
  0x000001d1420648fc: c5f8 77e8 

  0x000001d142064900: ; ImmutableOopMap {rbp=NarrowOop [0]=Oop [8]=Oop [56]=Oop }
                      ;*aaload {reexecute=0 rethrow=0 return_oop=0}
                      ; - java.nio.charset.Charset::lookup@25 (line 471)
                      ; - java.nio.charset.Charset::forName@1 (line 540)
                      ; - java.lang.String::lookupCharset@6 (line 859)
                      ; - java.lang.String::<init>@3 (line 488)
                      ; - com.mysql.cj.util.StringUtils::toString@32 (line 1397)
  0x000001d142064900: fc33 34ff 

  0x000001d142064904: ;   {other}
  0x000001d142064904: 0f1f 8400 | 7406 0007 | ba45 ffff | ff48 ff74 | 2420 488f | 0424 448b | 4424 1c4c | 894c 2410 
  0x000001d142064924: 448b 5424 | 1844 8954 | 240c 4489 | 4424 1848 | ff74 2438 | 488f 4424 | 2048 8944 | 2430 4489 
  0x000001d142064944: 5c24 1c90 

  0x000001d142064948: ;   {runtime_call UncommonTrapBlob}
  0x000001d142064948: c5f8 77e8 

  0x000001d14206494c: ; ImmutableOopMap {[0]=Oop [16]=Oop [32]=Oop [48]=Oop }
                      ;*iflt {reexecute=1 rethrow=0 return_oop=0}
                      ; - (reexecute) jdk.internal.util.Preconditions::checkFromIndexSize@5 (line 396)
                      ; - java.lang.String::checkBoundsOffCount@6 (line 4853)
                      ; - java.lang.String::<init>@11 (line 488)
                      ; - com.mysql.cj.util.StringUtils::toString@32 (line 1397)
  0x000001d14206494c: b033 34ff 

  0x000001d142064950: ;   {other}
  0x000001d142064950: 0f1f 8400 | c006 0008 | ba45 ffff | ff48 ff74 | 2420 488f | 0424 4c89 | 4c24 1044 | 8b54 2418 
  0x000001d142064970: 4489 5424 | 0c89 7424 | 1848 ff74 | 2438 488f | 4424 2048 | 8944 2430 | 4489 5c24 | 3866 6690 
  0x000001d142064990: ;   {runtime_call UncommonTrapBlob}
  0x000001d142064990: c5f8 77e8 

  0x000001d142064994: ; ImmutableOopMap {[0]=Oop [16]=Oop [32]=Oop [48]=Oop }
                      ;*if_icmple {reexecute=1 rethrow=0 return_oop=0}
                      ; - (reexecute) jdk.internal.util.Preconditions::checkFromIndexSize@12 (line 396)
                      ; - java.lang.String::checkBoundsOffCount@6 (line 4853)
                      ; - java.lang.String::<init>@11 (line 488)
                      ; - com.mysql.cj.util.StringUtils::toString@32 (line 1397)
  0x000001d142064994: 6833 34ff 

  0x000001d142064998: ;   {other}
  0x000001d142064998: 0f1f 8400 | 0807 0009 | bae4 ffff | ff48 ff74 | 2420 488f | 0424 448b | 5c24 1844 | 895c 2410 
  0x000001d1420649b8: 448b 5424 | 1c44 8954 | 2414 48ff | 7424 3848 | 8f44 2428 

  0x000001d1420649cc: ;   {runtime_call UncommonTrapBlob}
  0x000001d1420649cc: c5f8 77e8 

  0x000001d1420649d0: ; ImmutableOopMap {rbp=NarrowOop [0]=Oop [8]=Oop [40]=Oop }
                      ;*aaload {reexecute=0 rethrow=0 return_oop=0}
                      ; - java.nio.charset.Charset::lookup@34 (line 472)
                      ; - java.nio.charset.Charset::forName@1 (line 540)
                      ; - java.lang.String::lookupCharset@6 (line 859)
                      ; - java.lang.String::<init>@3 (line 488)
                      ; - com.mysql.cj.util.StringUtils::toString@32 (line 1397)
  0x000001d1420649d0: 2c33 34ff 

  0x000001d1420649d4: ;   {other}
  0x000001d1420649d4: 0f1f 8400 | 4407 000a | bade ffff | ff48 ff74 | 2420 488f | 0424 448b | 5c24 1844 | 895c 2410 
  0x000001d1420649f4: 448b 5424 | 1c44 8954 | 2414 48ff | 7424 3848 | 8f44 2420 

  0x000001d142064a08: ;   {runtime_call UncommonTrapBlob}
  0x000001d142064a08: c5f8 77e8 

  0x000001d142064a0c: ; ImmutableOopMap {rbp=NarrowOop [0]=Oop [8]=Oop [32]=Oop }
                      ;*checkcast {reexecute=0 rethrow=0 return_oop=0}
                      ; - java.nio.charset.Charset::lookup@35 (line 472)
                      ; - java.nio.charset.Charset::forName@1 (line 540)
                      ; - java.lang.String::lookupCharset@6 (line 859)
                      ; - java.lang.String::<init>@3 (line 488)
                      ; - com.mysql.cj.util.StringUtils::toString@32 (line 1397)
  0x000001d142064a0c: f032 34ff 

  0x000001d142064a10: ;   {other}
  0x000001d142064a10: 0f1f 8400 | 8007 000b | ba45 ffff | ff48 8b2c | 244c 8b54 | 2408 4c89 | 1424 448b | 5c24 1844 
  0x000001d142064a30: 895c 2408 | 448b 5424 | 1c44 8954 | 240c 48ff | 7424 3848 | 8f44 2420 | 4889 4424 | 3866 6690 
  0x000001d142064a50: ;   {runtime_call UncommonTrapBlob}
  0x000001d142064a50: c5f8 77e8 

  0x000001d142064a54: ; ImmutableOopMap {rbp=Oop [0]=Oop [32]=Oop [56]=Oop }
                      ;*ifnull {reexecute=1 rethrow=0 return_oop=0}
                      ; - (reexecute) java.nio.charset.Charset::forName@6 (line 541)
                      ; - java.lang.String::lookupCharset@6 (line 859)
                      ; - java.lang.String::<init>@3 (line 488)
                      ; - com.mysql.cj.util.StringUtils::toString@32 (line 1397)
  0x000001d142064a54: a832 34ff 

  0x000001d142064a58: ;   {other}
  0x000001d142064a58: 0f1f 8400 | c807 000c 

  0x000001d142064a60: ;   {metadata('java/lang/String')}
  0x000001d142064a60: 48ba 40e7 | 004f d101 | 0000 488b | 6c24 0890 

  0x000001d142064a70: ;   {runtime_call _new_instance_Java}
  0x000001d142064a70: c5f8 77e8 

  0x000001d142064a74: ; ImmutableOopMap {rbp=Oop [8]=Oop }
                      ;*new {reexecute=0 rethrow=0 return_oop=1}
                      ; - com.mysql.cj.util.StringUtils::toString@13 (line 1394)
  0x000001d142064a74: 88ad 41ff 

  0x000001d142064a78: ;   {other}
  0x000001d142064a78: 0f1f 8400 | e807 000d | e9b7 fdff | ffba 45ff | ffff 448b | 4c24 1c44 | 8b44 2418 | 4489 4424 
  0x000001d142064a98: 0444 894c | 2410 4889 | 4424 2889 | 5c24 1490 

  0x000001d142064aa8: ;   {runtime_call UncommonTrapBlob}
  0x000001d142064aa8: c5f8 77e8 

  0x000001d142064aac: ; ImmutableOopMap {[8]=Oop [32]=Oop [40]=Oop }
                      ;*iflt {reexecute=1 rethrow=0 return_oop=0}
                      ; - (reexecute) jdk.internal.util.Preconditions::checkFromIndexSize@5 (line 396)
                      ; - java.lang.String::checkBoundsOffCount@6 (line 4853)
                      ; - java.lang.String::<init>@9 (line 1455)
                      ; - com.mysql.cj.util.StringUtils::toString@20 (line 1394)
  0x000001d142064aac: 5032 34ff 

  0x000001d142064ab0: ;   {other}
  0x000001d142064ab0: 0f1f 8400 | 2008 000e | ba45 ffff | ff44 8b44 | 2418 4489 | 4424 0489 | 4c24 1089 | 4c24 1448 
  0x000001d142064ad0: 8944 2428 | 895c 2430 

  0x000001d142064ad8: ;   {runtime_call UncommonTrapBlob}
  0x000001d142064ad8: c5f8 77e8 

  0x000001d142064adc: ; ImmutableOopMap {[8]=Oop [32]=Oop [40]=Oop }
                      ;*if_icmple {reexecute=1 rethrow=0 return_oop=0}
                      ; - (reexecute) jdk.internal.util.Preconditions::checkFromIndexSize@12 (line 396)
                      ; - java.lang.String::checkBoundsOffCount@6 (line 4853)
                      ; - java.lang.String::<init>@9 (line 1455)
                      ; - com.mysql.cj.util.StringUtils::toString@20 (line 1394)
  0x000001d142064adc: 2032 34ff 

  0x000001d142064ae0: ;   {other}
  0x000001d142064ae0: 0f1f 8400 | 5008 000f | 448b 5808 

  0x000001d142064aec: ;   {metadata('java/nio/charset/UnsupportedCharsetException')}
  0x000001d142064aec: 4181 fb38 | 2a27 0174 | 2348 8bd0 | 488b 2c24 | 48ff 7424 | 3848 8f04 | 2466 6690 

  0x000001d142064b08: ;   {runtime_call _rethrow_Java}
  0x000001d142064b08: c5f8 77e8 

  0x000001d142064b0c: ; ImmutableOopMap {rbp=Oop [0]=Oop [8]=Oop [32]=Oop [56]=Oop }
                      ;*invokestatic forName {reexecute=0 rethrow=0 return_oop=1}
                      ; - java.lang.String::lookupCharset@6 (line 859)
                      ; - java.lang.String::<init>@3 (line 488)
                      ; - com.mysql.cj.util.StringUtils::toString@32 (line 1397)
  0x000001d142064b0c: 701f 42ff 

  0x000001d142064b10: ;   {other}
  0x000001d142064b10: 0f1f 8400 | 8008 0010 | baad ffff | ff48 8b2c | 244c 8b54 | 2408 4c89 | 1424 448b | 5424 1844 
  0x000001d142064b30: 8954 2408 | 448b 5c24 | 1c44 895c | 240c 48ff | 7424 3848 | 8f44 2418 

  0x000001d142064b48: ;   {runtime_call UncommonTrapBlob}
  0x000001d142064b48: c5f8 77e8 

  0x000001d142064b4c: ; ImmutableOopMap {rbp=Oop [0]=Oop [24]=Oop }
                      ;*new {reexecute=0 rethrow=0 return_oop=0}
                      ; - java.lang.String::lookupCharset@11 (line 861)
                      ; - java.lang.String::<init>@3 (line 488)
                      ; - com.mysql.cj.util.StringUtils::toString@32 (line 1397)
  0x000001d142064b4c: b031 34ff 

  0x000001d142064b50: ;   {other}
  0x000001d142064b50: 0f1f 8400 | c008 0011 | baf6 ffff | ff48 8b6c | 2408 6690 

  0x000001d142064b64: ;   {runtime_call UncommonTrapBlob}
  0x000001d142064b64: c5f8 77e8 

  0x000001d142064b68: ; ImmutableOopMap {rbp=Oop [32]=Oop }
                      ;*arraylength {reexecute=0 rethrow=0 return_oop=0}
                      ; - java.lang.String::length@4 (line 1519)
                      ; - java.lang.String::equalsIgnoreCase@14 (line 1992)
                      ; - com.mysql.cj.util.StringUtils::toString@7 (line 1393)
  0x000001d142064b68: 9431 34ff 

  0x000001d142064b6c: ;   {other}
  0x000001d142064b6c: 0f1f 8400 | dc08 0012 | baf6 ffff | ff48 8b6c | 2420 6690 

  0x000001d142064b80: ;   {runtime_call UncommonTrapBlob}
  0x000001d142064b80: c5f8 77e8 

  0x000001d142064b84: ; ImmutableOopMap {rbp=Oop [56]=Oop }
                      ;*arraylength {reexecute=0 rethrow=0 return_oop=0}
                      ; - java.lang.String::<init>@10 (line 488)
                      ; - com.mysql.cj.util.StringUtils::toString@32 (line 1397)
  0x000001d142064b84: 7831 34ff 

  0x000001d142064b88: ;   {other}
  0x000001d142064b88: 0f1f 8400 | f808 0013 | ba45 ffff | ff48 ff74 | 2420 488f | 0424 448b | 5c24 1844 | 895c 2410 
  0x000001d142064ba8: 448b 5424 | 1c44 8954 | 2414 6690 

  0x000001d142064bb4: ;   {runtime_call UncommonTrapBlob}
  0x000001d142064bb4: c5f8 77e8 

  0x000001d142064bb8: ; ImmutableOopMap {rbp=NarrowOop [0]=Oop [8]=Oop [56]=Oop }
                      ;*ifnull {reexecute=1 rethrow=0 return_oop=0}
                      ; - (reexecute) java.nio.charset.Charset::lookup@19 (line 471)
                      ; - java.nio.charset.Charset::forName@1 (line 540)
                      ; - java.lang.String::lookupCharset@6 (line 859)
                      ; - java.lang.String::<init>@3 (line 488)
                      ; - com.mysql.cj.util.StringUtils::toString@32 (line 1397)
  0x000001d142064bb8: 4431 34ff 

  0x000001d142064bbc: ;   {other}
  0x000001d142064bbc: 0f1f 8400 | 2c09 0014 | baf4 ffff | ff48 8b6c | 2420 4c8b | 5424 084c | 8914 2444 | 8b54 2418 
  0x000001d142064bdc: 4489 5424 | 0844 8b5c | 241c 4489 | 5c24 0c48 | ff74 2438 | 488f 4424 | 2066 6690 

  0x000001d142064bf8: ;   {runtime_call UncommonTrapBlob}
  0x000001d142064bf8: c5f8 77e8 

  0x000001d142064bfc: ; ImmutableOopMap {rbp=Oop [0]=Oop [32]=Oop }
                      ;*checkcast {reexecute=0 rethrow=0 return_oop=0}
                      ; - java.nio.charset.Charset::lookup@35 (line 472)
                      ; - java.nio.charset.Charset::forName@1 (line 540)
                      ; - java.lang.String::lookupCharset@6 (line 859)
                      ; - java.lang.String::<init>@3 (line 488)
                      ; - com.mysql.cj.util.StringUtils::toString@32 (line 1397)
  0x000001d142064bfc: 0031 34ff 

  0x000001d142064c00: ;   {other}
  0x000001d142064c00: 0f1f 8400 | 7009 0015 | baf6 ffff | ff66 6690 

  0x000001d142064c10: ;   {runtime_call UncommonTrapBlob}
  0x000001d142064c10: c5f8 77e8 

  0x000001d142064c14: ; ImmutableOopMap {rbp=Oop }
                      ;*arraylength {reexecute=0 rethrow=0 return_oop=0}
                      ; - java.lang.String::<init>@8 (line 1455)
                      ; - com.mysql.cj.util.StringUtils::toString@20 (line 1394)
  0x000001d142064c14: e830 34ff 

  0x000001d142064c18: ;   {other}
  0x000001d142064c18: 0f1f 8400 | 8809 0016 | bab5 ffff | ff4c 8b5c | 2408 4c89 | 1c24 448b | 5c24 1844 | 895c 2408 
  0x000001d142064c38: 448b 4424 | 1c44 8944 | 240c 48ff | 7424 3848 | 8f44 2418 | 4889 4424 | 2866 6690 

  0x000001d142064c54: ;   {runtime_call UncommonTrapBlob}
  0x000001d142064c54: c5f8 77e8 

  0x000001d142064c58: ; ImmutableOopMap {rbp=Oop [0]=Oop [24]=Oop [40]=Oop }
                      ;*astore_1 {reexecute=0 rethrow=0 return_oop=0}
                      ; - java.lang.String::lookupCharset@10 (line 860)
                      ; - java.lang.String::<init>@3 (line 488)
                      ; - com.mysql.cj.util.StringUtils::toString@32 (line 1397)
  0x000001d142064c58: a430 34ff 

  0x000001d142064c5c: ;   {other}
  0x000001d142064c5c: 0f1f 8400 | cc09 0017 | 488b d0e9 | 1c01 0000 | 488b d0e9 | 1401 0000 | 448b 5808 | 49ba 0000 
  0x000001d142064c7c: 004f d101 | 0000 4d03 | d3eb 3d48 | 8bd0 e9f9 | 0000 0048 | 8bd0 e9f1 | 0000 0044 

  0x000001d142064c98: ;   {metadata('java/io/UnsupportedEncodingException')}
  0x000001d142064c98: 8b58 0841 | 81fb f8bd | 0e01 75eb | 488b e8eb | 35eb 0048 | 8bd0 e9d5 | 0000 0044 | 8b40 0849 
  0x000001d142064cb8: ba00 0000 | 4fd1 0100 | 004d 03d0 | 4d8b 5250 

  0x000001d142064cc8: ;   {metadata('java/io/UnsupportedEncodingException')}
  0x000001d142064cc8: 49bb f8bd | 0e50 d101 | 0000 4d3b | d30f 85a5 | 0000 0048 | 8be8 498b | 87b8 0100 | 004c 8bd0 
  0x000001d142064ce8: 4983 c218 | 4d3b 97c8 | 0100 000f | 839c 0000 | 004d 8997 | b801 0000 | 410f 0d8a | c000 0000 
  0x000001d142064d08: 48c7 0001 | 0000 0041 | 0f0d 8a00 

  0x000001d142064d14: ;   {metadata('java/lang/Object'[])}
  0x000001d142064d14: 0100 00c7 | 4008 4012 | 0000 410f | 0d8a 4001 | 0000 c740 | 0c01 0000 | 0041 0f0d | 8a80 0100 
  0x000001d142064d34: 0044 8960 | 144c 8b54 | 2420 4d8b | da44 8958 | 104c 8bc0 

  0x000001d142064d48: ;   {oop("StringUtils.0"{0x00000000889d2c48})}
  0x000001d142064d48: 48ba 482c | 9d88 0000 | 0000 6690 

  0x000001d142064d54: ;   {static_call}
  0x000001d142064d54: c5f8 77e8 

  0x000001d142064d58: ; ImmutableOopMap {rbp=Oop }
                      ;*invokestatic getString {reexecute=0 rethrow=0 return_oop=1}
                      ; - com.mysql.cj.util.StringUtils::toString@50 (line 1399)
  0x000001d142064d58: 24ab 33ff 

  0x000001d142064d5c: ;   {other}
  0x000001d142064d5c: 0f1f 8400 | cc0a 0018 | ba2e 0200 | 0048 8904 | 2466 6690 

  0x000001d142064d70: ;   {runtime_call UncommonTrapBlob}
  0x000001d142064d70: c5f8 77e8 

  0x000001d142064d74: ; ImmutableOopMap {rbp=Oop [0]=Oop }
                      ;*invokestatic createException {reexecute=0 rethrow=0 return_oop=0}
                      ; - com.mysql.cj.util.StringUtils::toString@55 (line 1399)
  0x000001d142064d74: 882f 34ff 

  0x000001d142064d78: ;   {other}
  0x000001d142064d78: 0f1f 8400 | e80a 0019 | 488b d0eb | 0348 8bd0 | c5f8 7748 | 83c4 605d 

  0x000001d142064d90: ;   {runtime_call _rethrow_Java}
  0x000001d142064d90: e9eb 1c42 

  0x000001d142064d94: ;   {metadata('java/lang/Object'[])}
  0x000001d142064d94: ff48 ba40 | 1200 4fd1 | 0100 0041 | b801 0000 | 0066 6690 

  0x000001d142064da8: ;   {runtime_call _new_array_Java}
  0x000001d142064da8: c5f8 77e8 

  0x000001d142064dac: ; ImmutableOopMap {rbp=Oop [32]=Oop }
                      ;*anewarray {reexecute=0 rethrow=0 return_oop=1}
                      ; - com.mysql.cj.util.StringUtils::toString@43 (line 1399)
  0x000001d142064dac: 50a7 41ff 

  0x000001d142064db0: ;   {other}
  0x000001d142064db0: 0f1f 8400 | 200b 001a | e97c ffff 

  0x000001d142064dbc: ;   {internal_word}
  0x000001d142064dbc: ff49 ba9d | 4706 42d1 | 0100 004d | 8997 6004 

  0x000001d142064dcc: ;   {runtime_call SafepointBlob}
  0x000001d142064dcc: 0000 e9ad 

  0x000001d142064dd0: ;   {runtime_call StubRoutines (final stubs)}
  0x000001d142064dd0: 1d34 ffe8 | a80f 32ff | e91d f7ff | fff4 f4f4 
[Stub Code]
  0x000001d142064de0: ;   {no_reloc}
  0x000001d142064de0: 48bb 0000 | 0000 0000 

  0x000001d142064de8: ;   {runtime_call}
  0x000001d142064de8: 0000 e9fb 

  0x000001d142064dec: ;   {static_stub}
  0x000001d142064dec: ffff ff48 | bb00 0000 | 0000 0000 

  0x000001d142064df8: ;   {runtime_call}
  0x000001d142064df8: 00e9 fbff 

  0x000001d142064dfc: ;   {static_stub}
  0x000001d142064dfc: ffff 48bb | 0000 0000 | 0000 0000 

  0x000001d142064e08: ;   {runtime_call}
  0x000001d142064e08: e9fb ffff 

  0x000001d142064e0c: ;   {static_stub}
  0x000001d142064e0c: ff48 bb00 | 0000 0000 

  0x000001d142064e14: ;   {runtime_call}
  0x000001d142064e14: 0000 00e9 | fbff ffff 

  0x000001d142064e1c: ;   {static_stub}
  0x000001d142064e1c: 48bb 0000 | 0000 0000 

  0x000001d142064e24: ;   {runtime_call}
  0x000001d142064e24: 0000 e9fb 

  0x000001d142064e28: ;   {runtime_call ExceptionBlob}
  0x000001d142064e28: ffff ffe9 | d0ac 41ff 
[Deopt Handler Code]
  0x000001d142064e30: e800 0000 | 0048 832c 

  0x000001d142064e38: ;   {runtime_call DeoptimizationBlob}
  0x000001d142064e38: 2405 e9e1 | 3134 fff4 
[/MachCode]


---------------  P R O C E S S  ---------------

Threads class SMR info:
_java_thread_list=0x000001d198a3c160, length=30, elements={
0x000001d14e232600, 0x000001d14e2331b0, 0x000001d14e23bc00, 0x000001d14e240e60,
0x000001d14e23ed90, 0x000001d14e2407d0, 0x000001d14e24a980, 0x000001d14e24e9b0,
0x000001d14e23e070, 0x000001d14e2414f0, 0x000001d14e23fab0, 0x000001d19852a000,
0x000001d198525e60, 0x000001d198523700, 0x000001d198527f30, 0x000001d19582f690,
0x000001d19582c210, 0x000001d19582e2e0, 0x000001d19582dc50, 0x000001d19582e970,
0x000001d19582cf30, 0x000001d19582c8a0, 0x000001d19582b4f0, 0x000001d19582d5c0,
0x000001d195832b10, 0x000001d19582f000, 0x000001d195830a40, 0x000001d19582fd20,
0x000001d1958303b0, 0x000001d1958310d0
}

Java Threads: ( => current thread )
  0x000001d14e232600 JavaThread "Reference Handler"          daemon [_thread_blocked, id=10328, stack(0x00000056f7e00000,0x00000056f7f00000) (1024K)]
  0x000001d14e2331b0 JavaThread "Finalizer"                  daemon [_thread_blocked, id=25712, stack(0x00000056f7f00000,0x00000056f8000000) (1024K)]
  0x000001d14e23bc00 JavaThread "Signal Dispatcher"          daemon [_thread_blocked, id=11880, stack(0x00000056f8000000,0x00000056f8100000) (1024K)]
  0x000001d14e240e60 JavaThread "Attach Listener"            daemon [_thread_blocked, id=21916, stack(0x00000056f8100000,0x00000056f8200000) (1024K)]
  0x000001d14e23ed90 JavaThread "Service Thread"             daemon [_thread_blocked, id=19096, stack(0x00000056f8200000,0x00000056f8300000) (1024K)]
  0x000001d14e2407d0 JavaThread "Monitor Deflation Thread"   daemon [_thread_blocked, id=26512, stack(0x00000056f8300000,0x00000056f8400000) (1024K)]
  0x000001d14e24a980 JavaThread "C2 CompilerThread0"         daemon [_thread_blocked, id=26756, stack(0x00000056f8400000,0x00000056f8500000) (1024K)]
  0x000001d14e24e9b0 JavaThread "C1 CompilerThread0"         daemon [_thread_blocked, id=24548, stack(0x00000056f8500000,0x00000056f8600000) (1024K)]
  0x000001d14e23e070 JavaThread "Notification Thread"        daemon [_thread_blocked, id=27340, stack(0x00000056f8600000,0x00000056f8700000) (1024K)]
  0x000001d14e2414f0 JavaThread "Common-Cleaner"             daemon [_thread_blocked, id=23120, stack(0x00000056f8700000,0x00000056f8800000) (1024K)]
  0x000001d14e23fab0 JavaThread "mysql-cj-abandoned-connection-cleanup" daemon [_thread_blocked, id=8248, stack(0x00000056f9100000,0x00000056f9200000) (1024K)]
  0x000001d19852a000 JavaThread "HikariPool-1:housekeeper"   daemon [_thread_blocked, id=13280, stack(0x00000056f9500000,0x00000056f9600000) (1024K)]
  0x000001d198525e60 JavaThread "Catalina-utility-1"                [_thread_blocked, id=12580, stack(0x00000056f9000000,0x00000056f9100000) (1024K)]
  0x000001d198523700 JavaThread "Catalina-utility-2"                [_thread_blocked, id=28328, stack(0x00000056f9600000,0x00000056f9700000) (1024K)]
  0x000001d198527f30 JavaThread "container-0"                       [_thread_blocked, id=26212, stack(0x00000056f9700000,0x00000056f9800000) (1024K)]
  0x000001d19582f690 JavaThread "File Watcher"               daemon [_thread_blocked, id=12836, stack(0x00000056f9900000,0x00000056f9a00000) (1024K)]
  0x000001d19582c210 JavaThread "Live Reload Server"         daemon [_thread_in_native, id=14616, stack(0x00000056f9b00000,0x00000056f9c00000) (1024K)]
  0x000001d19582e2e0 JavaThread "http-nio-8080-exec-1"       daemon [_thread_in_native, id=9904, stack(0x00000056f9a00000,0x00000056f9b00000) (1024K)]
  0x000001d19582dc50 JavaThread "http-nio-8080-exec-2"       daemon [_thread_blocked, id=11944, stack(0x00000056f9c00000,0x00000056f9d00000) (1024K)]
  0x000001d19582e970 JavaThread "http-nio-8080-exec-3"       daemon [_thread_blocked, id=10748, stack(0x00000056f9d00000,0x00000056f9e00000) (1024K)]
=>0x000001d19582cf30 JavaThread "http-nio-8080-exec-4"       daemon [_thread_in_vm, id=18264, stack(0x00000056f9e00000,0x00000056f9f00000) (1024K)]
  0x000001d19582c8a0 JavaThread "http-nio-8080-exec-5"       daemon [_thread_blocked, id=25012, stack(0x00000056f9f00000,0x00000056fa000000) (1024K)]
  0x000001d19582b4f0 JavaThread "http-nio-8080-exec-6"       daemon [_thread_in_native, id=15532, stack(0x00000056fa000000,0x00000056fa100000) (1024K)]
  0x000001d19582d5c0 JavaThread "http-nio-8080-exec-7"       daemon [_thread_in_native, id=25052, stack(0x00000056fa100000,0x00000056fa200000) (1024K)]
  0x000001d195832b10 JavaThread "http-nio-8080-exec-8"       daemon [_thread_in_native, id=12160, stack(0x00000056fa200000,0x00000056fa300000) (1024K)]
  0x000001d19582f000 JavaThread "http-nio-8080-exec-9"       daemon [_thread_blocked, id=12528, stack(0x00000056fa300000,0x00000056fa400000) (1024K)]
  0x000001d195830a40 JavaThread "http-nio-8080-exec-10"      daemon [_thread_in_native, id=21840, stack(0x00000056fa400000,0x00000056fa500000) (1024K)]
  0x000001d19582fd20 JavaThread "http-nio-8080-Poller"       daemon [_thread_in_native, id=13984, stack(0x00000056fa500000,0x00000056fa600000) (1024K)]
  0x000001d1958303b0 JavaThread "http-nio-8080-Acceptor"     daemon [_thread_in_native, id=17204, stack(0x00000056fa600000,0x00000056fa700000) (1024K)]
  0x000001d1958310d0 JavaThread "DestroyJavaVM"                     [_thread_blocked, id=1832, stack(0x00000056f7600000,0x00000056f7700000) (1024K)]
Total: 30

Other Threads:
  0x000001d12f82cf10 VMThread "VM Thread"                           [id=9676, stack(0x00000056f7d00000,0x00000056f7e00000) (1024K)]
  0x000001d14e204d00 WatcherThread "VM Periodic Task Thread"        [id=22972, stack(0x00000056f7c00000,0x00000056f7d00000) (1024K)]
  0x000001d12f82dd90 WorkerThread "GC Thread#0"                     [id=21784, stack(0x00000056f7700000,0x00000056f7800000) (1024K)]
  0x000001d12f82e870 WorkerThread "GC Thread#1"                     [id=27744, stack(0x00000056f8800000,0x00000056f8900000) (1024K)]
  0x000001d12f82d2b0 WorkerThread "GC Thread#2"                     [id=5084, stack(0x00000056f8900000,0x00000056f8a00000) (1024K)]
  0x000001d12f82d650 WorkerThread "GC Thread#3"                     [id=26988, stack(0x00000056f8a00000,0x00000056f8b00000) (1024K)]
  0x000001d19491df40 WorkerThread "GC Thread#4"                     [id=18516, stack(0x00000056f8d00000,0x00000056f8e00000) (1024K)]
  0x000001d19491bea0 WorkerThread "GC Thread#5"                     [id=28580, stack(0x00000056f8e00000,0x00000056f8f00000) (1024K)]
  0x000001d19491c980 WorkerThread "GC Thread#6"                     [id=27384, stack(0x00000056f8f00000,0x00000056f9000000) (1024K)]
  0x000001d19491d800 WorkerThread "GC Thread#7"                     [id=18000, stack(0x00000056f9200000,0x00000056f9300000) (1024K)]
  0x000001d1319eae20 ConcurrentGCThread "G1 Main Marker"            [id=7392, stack(0x00000056f7800000,0x00000056f7900000) (1024K)]
  0x000001d12f82e130 WorkerThread "G1 Conc#0"                       [id=21868, stack(0x00000056f7900000,0x00000056f7a00000) (1024K)]
  0x000001d19491ea20 WorkerThread "G1 Conc#1"                       [id=12192, stack(0x00000056f9300000,0x00000056f9400000) (1024K)]
  0x000001d14e0d7500 ConcurrentGCThread "G1 Refine#0"               [id=20936, stack(0x00000056f7a00000,0x00000056f7b00000) (1024K)]
  0x000001d14e0d8070 ConcurrentGCThread "G1 Service"                [id=23164, stack(0x00000056f7b00000,0x00000056f7c00000) (1024K)]
Total: 15

Threads with active compile tasks:
Total: 0

VM state: not at safepoint (normal execution)

VM Mutex/Monitor currently owned by a thread:  ([mutex/lock_event])
[0x00007ff92baf0f50] Heap_lock - owner thread: 0x000001d19582cf30

Heap address: 0x0000000084000000, size: 1984 MB, Compressed Oops mode: 32-bit

CDS archive(s) mapped at: [0x000001d14f000000-0x000001d14fc90000-0x000001d14fc90000), size 13172736, SharedBaseAddress: 0x000001d14f000000, ArchiveRelocationMode: 1.
Compressed class space mapped at: 0x000001d150000000-0x000001d190000000, reserved size: 1073741824
Narrow klass base: 0x000001d14f000000, Narrow klass shift: 0, Narrow klass range: 0x100000000

GC Precious Log:
 CardTable entry size: 512
 Card Set container configuration: InlinePtr #cards 5 size 8 Array Of Cards #cards 12 size 40 Howl #buckets 4 coarsen threshold 1843 Howl Bitmap #cards 512 size 80 coarsen threshold 460 Card regions per heap region 1 cards per card region 2048
 CPUs: 8 total, 8 available
 Memory: 7930M
 Large Page Support: Disabled
 NUMA Support: Disabled
 Compressed Oops: Enabled (32-bit)
 Heap Region Size: 1M
 Heap Min Capacity: 8M
 Heap Initial Capacity: 124M
 Heap Max Capacity: 1984M
 Pre-touch: Disabled
 Parallel Workers: 8
 Concurrent Workers: 2
 Concurrent Refinement Workers: 8
 Periodic GC: Disabled

Heap:
 garbage-first heap   total 987136K, used 983763K [0x0000000084000000, 0x0000000100000000)
  region size 1024K, 25 young (25600K), 9 survivors (9216K)
 Metaspace       used 106346K, committed 107328K, reserved 1179648K
  class space    used 13998K, committed 14464K, reserved 1048576K

Heap Regions: E=young(eden), S=young(survivor), O=old, HS=humongous(starts), HC=humongous(continues), CS=collection set, F=free, TAMS=top-at-mark-start, PB=parsable bottom
|   0|0x0000000084000000, 0x0000000084100000, 0x0000000084100000|100%|HS|  |TAMS 0x0000000084000000| PB 0x0000000084000000| Complete 
|   1|0x0000000084100000, 0x0000000084200000, 0x0000000084200000|100%|HS|  |TAMS 0x0000000084100000| PB 0x0000000084100000| Complete 
|   2|0x0000000084200000, 0x0000000084300000, 0x0000000084300000|100%|HS|  |TAMS 0x0000000084200000| PB 0x0000000084200000| Complete 
|   3|0x0000000084300000, 0x0000000084400000, 0x0000000084400000|100%| O|  |TAMS 0x0000000084300000| PB 0x0000000084300000| Untracked 
|   4|0x0000000084400000, 0x0000000084500000, 0x0000000084500000|100%|HS|  |TAMS 0x0000000084400000| PB 0x0000000084400000| Complete 
|   5|0x0000000084500000, 0x0000000084600000, 0x0000000084600000|100%| O|  |TAMS 0x0000000084500000| PB 0x0000000084500000| Untracked 
|   6|0x0000000084600000, 0x0000000084700000, 0x0000000084700000|100%| O|  |TAMS 0x0000000084600000| PB 0x0000000084600000| Untracked 
|   7|0x0000000084700000, 0x0000000084800000, 0x0000000084800000|100%| O|  |TAMS 0x0000000084700000| PB 0x0000000084700000| Untracked 
|   8|0x0000000084800000, 0x0000000084900000, 0x0000000084900000|100%| O|  |TAMS 0x0000000084800000| PB 0x0000000084800000| Untracked 
|   9|0x0000000084900000, 0x0000000084a00000, 0x0000000084a00000|100%| O|  |TAMS 0x0000000084900000| PB 0x0000000084900000| Untracked 
|  10|0x0000000084a00000, 0x0000000084b00000, 0x0000000084b00000|100%| O|  |TAMS 0x0000000084a00000| PB 0x0000000084a00000| Untracked 
|  11|0x0000000084b00000, 0x0000000084c00000, 0x0000000084c00000|100%| O|  |TAMS 0x0000000084b00000| PB 0x0000000084b00000| Untracked 
|  12|0x0000000084c00000, 0x0000000084d00000, 0x0000000084d00000|100%| O|  |TAMS 0x0000000084c00000| PB 0x0000000084c00000| Untracked 
|  13|0x0000000084d00000, 0x0000000084e00000, 0x0000000084e00000|100%| O|  |TAMS 0x0000000084d00000| PB 0x0000000084d00000| Untracked 
|  14|0x0000000084e00000, 0x0000000084f00000, 0x0000000084f00000|100%| O|  |TAMS 0x0000000084e00000| PB 0x0000000084e00000| Untracked 
|  15|0x0000000084f00000, 0x0000000085000000, 0x0000000085000000|100%| O|  |TAMS 0x0000000084f00000| PB 0x0000000084f00000| Untracked 
|  16|0x0000000085000000, 0x0000000085100000, 0x0000000085100000|100%| O|  |TAMS 0x0000000085000000| PB 0x0000000085000000| Untracked 
|  17|0x0000000085100000, 0x0000000085200000, 0x0000000085200000|100%| O|  |TAMS 0x0000000085100000| PB 0x0000000085100000| Untracked 
|  18|0x0000000085200000, 0x0000000085300000, 0x0000000085300000|100%| O|  |TAMS 0x0000000085200000| PB 0x0000000085200000| Untracked 
|  19|0x0000000085300000, 0x0000000085400000, 0x0000000085400000|100%| O|  |TAMS 0x0000000085300000| PB 0x0000000085300000| Untracked 
|  20|0x0000000085400000, 0x0000000085500000, 0x0000000085500000|100%| O|  |TAMS 0x0000000085400000| PB 0x0000000085400000| Untracked 
|  21|0x0000000085500000, 0x0000000085600000, 0x0000000085600000|100%| O|  |TAMS 0x0000000085500000| PB 0x0000000085500000| Untracked 
|  22|0x0000000085600000, 0x0000000085700000, 0x0000000085700000|100%| O|  |TAMS 0x0000000085600000| PB 0x0000000085600000| Untracked 
|  23|0x0000000085700000, 0x0000000085800000, 0x0000000085800000|100%| O|  |TAMS 0x0000000085700000| PB 0x0000000085700000| Untracked 
|  24|0x0000000085800000, 0x0000000085900000, 0x0000000085900000|100%| O|  |TAMS 0x0000000085800000| PB 0x0000000085800000| Untracked 
|  25|0x0000000085900000, 0x0000000085a00000, 0x0000000085a00000|100%| O|  |TAMS 0x0000000085900000| PB 0x0000000085900000| Untracked 
|  26|0x0000000085a00000, 0x0000000085b00000, 0x0000000085b00000|100%| O|  |TAMS 0x0000000085a00000| PB 0x0000000085a00000| Untracked 
|  27|0x0000000085b00000, 0x0000000085c00000, 0x0000000085c00000|100%| O|  |TAMS 0x0000000085b00000| PB 0x0000000085b00000| Untracked 
|  28|0x0000000085c00000, 0x0000000085d00000, 0x0000000085d00000|100%| O|  |TAMS 0x0000000085c00000| PB 0x0000000085c00000| Untracked 
|  29|0x0000000085d00000, 0x0000000085e00000, 0x0000000085e00000|100%| O|  |TAMS 0x0000000085d00000| PB 0x0000000085d00000| Untracked 
|  30|0x0000000085e00000, 0x0000000085f00000, 0x0000000085f00000|100%| O|  |TAMS 0x0000000085e00000| PB 0x0000000085e00000| Untracked 
|  31|0x0000000085f00000, 0x0000000086000000, 0x0000000086000000|100%| O|  |TAMS 0x0000000085f00000| PB 0x0000000085f00000| Untracked 
|  32|0x0000000086000000, 0x0000000086100000, 0x0000000086100000|100%| O|  |TAMS 0x0000000086000000| PB 0x0000000086000000| Untracked 
|  33|0x0000000086100000, 0x0000000086200000, 0x0000000086200000|100%| O|  |TAMS 0x0000000086100000| PB 0x0000000086100000| Untracked 
|  34|0x0000000086200000, 0x0000000086300000, 0x0000000086300000|100%| O|  |TAMS 0x0000000086200000| PB 0x0000000086200000| Untracked 
|  35|0x0000000086300000, 0x0000000086400000, 0x0000000086400000|100%| O|  |TAMS 0x0000000086300000| PB 0x0000000086300000| Untracked 
|  36|0x0000000086400000, 0x0000000086500000, 0x0000000086500000|100%| O|  |TAMS 0x0000000086400000| PB 0x0000000086400000| Untracked 
|  37|0x0000000086500000, 0x0000000086600000, 0x0000000086600000|100%|HS|  |TAMS 0x0000000086500000| PB 0x0000000086500000| Complete 
|  38|0x0000000086600000, 0x0000000086700000, 0x0000000086700000|100%| O|  |TAMS 0x0000000086600000| PB 0x0000000086600000| Untracked 
|  39|0x0000000086700000, 0x0000000086800000, 0x0000000086800000|100%| O|  |TAMS 0x0000000086700000| PB 0x0000000086700000| Untracked 
|  40|0x0000000086800000, 0x0000000086900000, 0x0000000086900000|100%| O|  |TAMS 0x0000000086800000| PB 0x0000000086800000| Untracked 
|  41|0x0000000086900000, 0x0000000086a00000, 0x0000000086a00000|100%| O|  |TAMS 0x0000000086900000| PB 0x0000000086900000| Untracked 
|  42|0x0000000086a00000, 0x0000000086b00000, 0x0000000086b00000|100%| O|  |TAMS 0x0000000086a00000| PB 0x0000000086a00000| Untracked 
|  43|0x0000000086b00000, 0x0000000086c00000, 0x0000000086c00000|100%| O|  |TAMS 0x0000000086b00000| PB 0x0000000086b00000| Untracked 
|  44|0x0000000086c00000, 0x0000000086d00000, 0x0000000086d00000|100%| O|  |TAMS 0x0000000086c00000| PB 0x0000000086c00000| Untracked 
|  45|0x0000000086d00000, 0x0000000086e00000, 0x0000000086e00000|100%| O|  |TAMS 0x0000000086d00000| PB 0x0000000086d00000| Untracked 
|  46|0x0000000086e00000, 0x0000000086f00000, 0x0000000086f00000|100%| O|  |TAMS 0x0000000086e00000| PB 0x0000000086e00000| Untracked 
|  47|0x0000000086f00000, 0x0000000087000000, 0x0000000087000000|100%| O|  |TAMS 0x0000000086f00000| PB 0x0000000086f00000| Untracked 
|  48|0x0000000087000000, 0x0000000087100000, 0x0000000087100000|100%| O|  |TAMS 0x0000000087000000| PB 0x0000000087000000| Untracked 
|  49|0x0000000087100000, 0x0000000087200000, 0x0000000087200000|100%| O|  |TAMS 0x0000000087100000| PB 0x0000000087100000| Untracked 
|  50|0x0000000087200000, 0x0000000087300000, 0x0000000087300000|100%| O|  |TAMS 0x0000000087200000| PB 0x0000000087200000| Untracked 
|  51|0x0000000087300000, 0x0000000087400000, 0x0000000087400000|100%| O|  |TAMS 0x0000000087300000| PB 0x0000000087300000| Untracked 
|  52|0x0000000087400000, 0x0000000087500000, 0x0000000087500000|100%| O|  |TAMS 0x0000000087400000| PB 0x0000000087400000| Untracked 
|  53|0x0000000087500000, 0x0000000087600000, 0x0000000087600000|100%| O|  |TAMS 0x0000000087500000| PB 0x0000000087500000| Untracked 
|  54|0x0000000087600000, 0x0000000087700000, 0x0000000087700000|100%| O|  |TAMS 0x0000000087600000| PB 0x0000000087600000| Untracked 
|  55|0x0000000087700000, 0x0000000087800000, 0x0000000087800000|100%| O|Cm|TAMS 0x0000000087700000| PB 0x0000000087700000| Complete 
|  56|0x0000000087800000, 0x0000000087900000, 0x0000000087900000|100%|HS|  |TAMS 0x0000000087800000| PB 0x0000000087800000| Complete 
|  57|0x0000000087900000, 0x0000000087a00000, 0x0000000087a00000|100%|HC|  |TAMS 0x0000000087900000| PB 0x0000000087900000| Complete 
|  58|0x0000000087a00000, 0x0000000087b00000, 0x0000000087b00000|100%|HS|  |TAMS 0x0000000087a00000| PB 0x0000000087a00000| Complete 
|  59|0x0000000087b00000, 0x0000000087c00000, 0x0000000087c00000|100%|HC|  |TAMS 0x0000000087b00000| PB 0x0000000087b00000| Complete 
|  60|0x0000000087c00000, 0x0000000087d00000, 0x0000000087d00000|100%| O|  |TAMS 0x0000000087c00000| PB 0x0000000087c00000| Untracked 
|  61|0x0000000087d00000, 0x0000000087e00000, 0x0000000087e00000|100%|HS|  |TAMS 0x0000000087d00000| PB 0x0000000087d00000| Complete 
|  62|0x0000000087e00000, 0x0000000087f00000, 0x0000000087f00000|100%|HC|  |TAMS 0x0000000087e00000| PB 0x0000000087e00000| Complete 
|  63|0x0000000087f00000, 0x0000000088000000, 0x0000000088000000|100%|HC|  |TAMS 0x0000000087f00000| PB 0x0000000087f00000| Complete 
|  64|0x0000000088000000, 0x0000000088100000, 0x0000000088100000|100%|HC|  |TAMS 0x0000000088000000| PB 0x0000000088000000| Complete 
|  65|0x0000000088100000, 0x0000000088200000, 0x0000000088200000|100%|HC|  |TAMS 0x0000000088100000| PB 0x0000000088100000| Complete 
|  66|0x0000000088200000, 0x0000000088300000, 0x0000000088300000|100%|HS|  |TAMS 0x0000000088200000| PB 0x0000000088200000| Complete 
|  67|0x0000000088300000, 0x0000000088400000, 0x0000000088400000|100%| O|  |TAMS 0x0000000088300000| PB 0x0000000088300000| Untracked 
|  68|0x0000000088400000, 0x0000000088500000, 0x0000000088500000|100%| O|Cm|TAMS 0x0000000088400000| PB 0x0000000088400000| Complete 
|  69|0x0000000088500000, 0x0000000088600000, 0x0000000088600000|100%|HS|  |TAMS 0x0000000088500000| PB 0x0000000088500000| Complete 
|  70|0x0000000088600000, 0x0000000088700000, 0x0000000088700000|100%|HC|  |TAMS 0x0000000088600000| PB 0x0000000088600000| Complete 
|  71|0x0000000088700000, 0x0000000088800000, 0x0000000088800000|100%|HC|  |TAMS 0x0000000088700000| PB 0x0000000088700000| Complete 
|  72|0x0000000088800000, 0x0000000088900000, 0x0000000088900000|100%|HS|  |TAMS 0x0000000088800000| PB 0x0000000088800000| Complete 
|  73|0x0000000088900000, 0x0000000088a00000, 0x0000000088a00000|100%| O|Cm|TAMS 0x0000000088900000| PB 0x0000000088900000| Complete 
|  74|0x0000000088a00000, 0x0000000088b00000, 0x0000000088b00000|100%| O|  |TAMS 0x0000000088a00000| PB 0x0000000088a00000| Untracked 
|  75|0x0000000088b00000, 0x0000000088c00000, 0x0000000088c00000|100%| O|  |TAMS 0x0000000088b00000| PB 0x0000000088b00000| Untracked 
|  76|0x0000000088c00000, 0x0000000088d00000, 0x0000000088d00000|100%|HS|  |TAMS 0x0000000088c00000| PB 0x0000000088c00000| Complete 
|  77|0x0000000088d00000, 0x0000000088e00000, 0x0000000088e00000|100%|HC|  |TAMS 0x0000000088d00000| PB 0x0000000088d00000| Complete 
|  78|0x0000000088e00000, 0x0000000088f00000, 0x0000000088f00000|100%|HC|  |TAMS 0x0000000088e00000| PB 0x0000000088e00000| Complete 
|  79|0x0000000088f00000, 0x0000000089000000, 0x0000000089000000|100%|HC|  |TAMS 0x0000000088f00000| PB 0x0000000088f00000| Complete 
|  80|0x0000000089000000, 0x0000000089100000, 0x0000000089100000|100%|HC|  |TAMS 0x0000000089000000| PB 0x0000000089000000| Complete 
|  81|0x0000000089100000, 0x0000000089200000, 0x0000000089200000|100%|HC|  |TAMS 0x0000000089100000| PB 0x0000000089100000| Complete 
|  82|0x0000000089200000, 0x0000000089300000, 0x0000000089300000|100%|HC|  |TAMS 0x0000000089200000| PB 0x0000000089200000| Complete 
|  83|0x0000000089300000, 0x0000000089400000, 0x0000000089400000|100%|HC|  |TAMS 0x0000000089300000| PB 0x0000000089300000| Complete 
|  84|0x0000000089400000, 0x0000000089500000, 0x0000000089500000|100%|HC|  |TAMS 0x0000000089400000| PB 0x0000000089400000| Complete 
|  85|0x0000000089500000, 0x0000000089600000, 0x0000000089600000|100%|HC|  |TAMS 0x0000000089500000| PB 0x0000000089500000| Complete 
|  86|0x0000000089600000, 0x0000000089700000, 0x0000000089700000|100%|HS|  |TAMS 0x0000000089600000| PB 0x0000000089600000| Complete 
|  87|0x0000000089700000, 0x0000000089800000, 0x0000000089800000|100%| O|  |TAMS 0x0000000089700000| PB 0x0000000089700000| Untracked 
|  88|0x0000000089800000, 0x0000000089900000, 0x0000000089900000|100%| O|  |TAMS 0x0000000089800000| PB 0x0000000089800000| Untracked 
|  89|0x0000000089900000, 0x0000000089a00000, 0x0000000089a00000|100%| O|Cm|TAMS 0x0000000089900000| PB 0x0000000089900000| Complete 
|  90|0x0000000089a00000, 0x0000000089b00000, 0x0000000089b00000|100%|HS|  |TAMS 0x0000000089a00000| PB 0x0000000089a00000| Complete 
|  91|0x0000000089b00000, 0x0000000089c00000, 0x0000000089c00000|100%|HC|  |TAMS 0x0000000089b00000| PB 0x0000000089b00000| Complete 
|  92|0x0000000089c00000, 0x0000000089d00000, 0x0000000089d00000|100%|HS|  |TAMS 0x0000000089c00000| PB 0x0000000089c00000| Complete 
|  93|0x0000000089d00000, 0x0000000089e00000, 0x0000000089e00000|100%|HC|  |TAMS 0x0000000089d00000| PB 0x0000000089d00000| Complete 
|  94|0x0000000089e00000, 0x0000000089f00000, 0x0000000089f00000|100%| O|  |TAMS 0x0000000089e00000| PB 0x0000000089e00000| Untracked 
|  95|0x0000000089f00000, 0x000000008a000000, 0x000000008a000000|100%|HS|  |TAMS 0x0000000089f00000| PB 0x0000000089f00000| Complete 
|  96|0x000000008a000000, 0x000000008a100000, 0x000000008a100000|100%|HC|  |TAMS 0x000000008a000000| PB 0x000000008a000000| Complete 
|  97|0x000000008a100000, 0x000000008a200000, 0x000000008a200000|100%|HC|  |TAMS 0x000000008a100000| PB 0x000000008a100000| Complete 
|  98|0x000000008a200000, 0x000000008a300000, 0x000000008a300000|100%|HC|  |TAMS 0x000000008a200000| PB 0x000000008a200000| Complete 
|  99|0x000000008a300000, 0x000000008a400000, 0x000000008a400000|100%|HC|  |TAMS 0x000000008a300000| PB 0x000000008a300000| Complete 
| 100|0x000000008a400000, 0x000000008a500000, 0x000000008a500000|100%|HC|  |TAMS 0x000000008a400000| PB 0x000000008a400000| Complete 
| 101|0x000000008a500000, 0x000000008a600000, 0x000000008a600000|100%|HC|  |TAMS 0x000000008a500000| PB 0x000000008a500000| Complete 
| 102|0x000000008a600000, 0x000000008a700000, 0x000000008a700000|100%|HC|  |TAMS 0x000000008a600000| PB 0x000000008a600000| Complete 
| 103|0x000000008a700000, 0x000000008a800000, 0x000000008a800000|100%|HC|  |TAMS 0x000000008a700000| PB 0x000000008a700000| Complete 
| 104|0x000000008a800000, 0x000000008a900000, 0x000000008a900000|100%|HC|  |TAMS 0x000000008a800000| PB 0x000000008a800000| Complete 
| 105|0x000000008a900000, 0x000000008aa00000, 0x000000008aa00000|100%|HS|  |TAMS 0x000000008a900000| PB 0x000000008a900000| Complete 
| 106|0x000000008aa00000, 0x000000008ab00000, 0x000000008ab00000|100%|HC|  |TAMS 0x000000008aa00000| PB 0x000000008aa00000| Complete 
| 107|0x000000008ab00000, 0x000000008ac00000, 0x000000008ac00000|100%|HC|  |TAMS 0x000000008ab00000| PB 0x000000008ab00000| Complete 
| 108|0x000000008ac00000, 0x000000008ad00000, 0x000000008ad00000|100%|HC|  |TAMS 0x000000008ac00000| PB 0x000000008ac00000| Complete 
| 109|0x000000008ad00000, 0x000000008ae00000, 0x000000008ae00000|100%|HC|  |TAMS 0x000000008ad00000| PB 0x000000008ad00000| Complete 
| 110|0x000000008ae00000, 0x000000008af00000, 0x000000008af00000|100%|HC|  |TAMS 0x000000008ae00000| PB 0x000000008ae00000| Complete 
| 111|0x000000008af00000, 0x000000008b000000, 0x000000008b000000|100%|HS|  |TAMS 0x000000008af00000| PB 0x000000008af00000| Complete 
| 112|0x000000008b000000, 0x000000008b100000, 0x000000008b100000|100%|HC|  |TAMS 0x000000008b000000| PB 0x000000008b000000| Complete 
| 113|0x000000008b100000, 0x000000008b200000, 0x000000008b200000|100%|HC|  |TAMS 0x000000008b100000| PB 0x000000008b100000| Complete 
| 114|0x000000008b200000, 0x000000008b300000, 0x000000008b300000|100%|HC|  |TAMS 0x000000008b200000| PB 0x000000008b200000| Complete 
| 115|0x000000008b300000, 0x000000008b400000, 0x000000008b400000|100%|HC|  |TAMS 0x000000008b300000| PB 0x000000008b300000| Complete 
| 116|0x000000008b400000, 0x000000008b500000, 0x000000008b500000|100%|HC|  |TAMS 0x000000008b400000| PB 0x000000008b400000| Complete 
| 117|0x000000008b500000, 0x000000008b600000, 0x000000008b600000|100%|HS|  |TAMS 0x000000008b500000| PB 0x000000008b500000| Complete 
| 118|0x000000008b600000, 0x000000008b700000, 0x000000008b700000|100%|HC|  |TAMS 0x000000008b600000| PB 0x000000008b600000| Complete 
| 119|0x000000008b700000, 0x000000008b800000, 0x000000008b800000|100%|HC|  |TAMS 0x000000008b700000| PB 0x000000008b700000| Complete 
| 120|0x000000008b800000, 0x000000008b900000, 0x000000008b900000|100%|HS|  |TAMS 0x000000008b800000| PB 0x000000008b800000| Complete 
| 121|0x000000008b900000, 0x000000008ba00000, 0x000000008ba00000|100%|HS|  |TAMS 0x000000008b900000| PB 0x000000008b900000| Complete 
| 122|0x000000008ba00000, 0x000000008bb00000, 0x000000008bb00000|100%|HC|  |TAMS 0x000000008ba00000| PB 0x000000008ba00000| Complete 
| 123|0x000000008bb00000, 0x000000008bc00000, 0x000000008bc00000|100%|HC|  |TAMS 0x000000008bb00000| PB 0x000000008bb00000| Complete 
| 124|0x000000008bc00000, 0x000000008bd00000, 0x000000008bd00000|100%|HC|  |TAMS 0x000000008bc00000| PB 0x000000008bc00000| Complete 
| 125|0x000000008bd00000, 0x000000008be00000, 0x000000008be00000|100%|HC|  |TAMS 0x000000008bd00000| PB 0x000000008bd00000| Complete 
| 126|0x000000008be00000, 0x000000008bf00000, 0x000000008bf00000|100%|HC|  |TAMS 0x000000008be00000| PB 0x000000008be00000| Complete 
| 127|0x000000008bf00000, 0x000000008c000000, 0x000000008c000000|100%|HC|  |TAMS 0x000000008bf00000| PB 0x000000008bf00000| Complete 
| 128|0x000000008c000000, 0x000000008c100000, 0x000000008c100000|100%|HC|  |TAMS 0x000000008c000000| PB 0x000000008c000000| Complete 
| 129|0x000000008c100000, 0x000000008c200000, 0x000000008c200000|100%|HC|  |TAMS 0x000000008c100000| PB 0x000000008c100000| Complete 
| 130|0x000000008c200000, 0x000000008c300000, 0x000000008c300000|100%|HC|  |TAMS 0x000000008c200000| PB 0x000000008c200000| Complete 
| 131|0x000000008c300000, 0x000000008c400000, 0x000000008c400000|100%|HC|  |TAMS 0x000000008c300000| PB 0x000000008c300000| Complete 
| 132|0x000000008c400000, 0x000000008c500000, 0x000000008c500000|100%|HS|  |TAMS 0x000000008c400000| PB 0x000000008c400000| Complete 
| 133|0x000000008c500000, 0x000000008c600000, 0x000000008c600000|100%|HC|  |TAMS 0x000000008c500000| PB 0x000000008c500000| Complete 
| 134|0x000000008c600000, 0x000000008c700000, 0x000000008c700000|100%|HC|  |TAMS 0x000000008c600000| PB 0x000000008c600000| Complete 
| 135|0x000000008c700000, 0x000000008c800000, 0x000000008c800000|100%|HC|  |TAMS 0x000000008c700000| PB 0x000000008c700000| Complete 
| 136|0x000000008c800000, 0x000000008c900000, 0x000000008c900000|100%|HC|  |TAMS 0x000000008c800000| PB 0x000000008c800000| Complete 
| 137|0x000000008c900000, 0x000000008ca00000, 0x000000008ca00000|100%|HS|  |TAMS 0x000000008c900000| PB 0x000000008c900000| Complete 
| 138|0x000000008ca00000, 0x000000008cb00000, 0x000000008cb00000|100%|HC|  |TAMS 0x000000008ca00000| PB 0x000000008ca00000| Complete 
| 139|0x000000008cb00000, 0x000000008cc00000, 0x000000008cc00000|100%|HC|  |TAMS 0x000000008cb00000| PB 0x000000008cb00000| Complete 
| 140|0x000000008cc00000, 0x000000008cd00000, 0x000000008cd00000|100%|HC|  |TAMS 0x000000008cc00000| PB 0x000000008cc00000| Complete 
| 141|0x000000008cd00000, 0x000000008ce00000, 0x000000008ce00000|100%|HC|  |TAMS 0x000000008cd00000| PB 0x000000008cd00000| Complete 
| 142|0x000000008ce00000, 0x000000008cf00000, 0x000000008cf00000|100%|HC|  |TAMS 0x000000008ce00000| PB 0x000000008ce00000| Complete 
| 143|0x000000008cf00000, 0x000000008d000000, 0x000000008d000000|100%|HC|  |TAMS 0x000000008cf00000| PB 0x000000008cf00000| Complete 
| 144|0x000000008d000000, 0x000000008d100000, 0x000000008d100000|100%|HC|  |TAMS 0x000000008d000000| PB 0x000000008d000000| Complete 
| 145|0x000000008d100000, 0x000000008d200000, 0x000000008d200000|100%|HC|  |TAMS 0x000000008d100000| PB 0x000000008d100000| Complete 
| 146|0x000000008d200000, 0x000000008d300000, 0x000000008d300000|100%|HC|  |TAMS 0x000000008d200000| PB 0x000000008d200000| Complete 
| 147|0x000000008d300000, 0x000000008d400000, 0x000000008d400000|100%|HC|  |TAMS 0x000000008d300000| PB 0x000000008d300000| Complete 
| 148|0x000000008d400000, 0x000000008d500000, 0x000000008d500000|100%|HS|  |TAMS 0x000000008d400000| PB 0x000000008d400000| Complete 
| 149|0x000000008d500000, 0x000000008d600000, 0x000000008d600000|100%|HC|  |TAMS 0x000000008d500000| PB 0x000000008d500000| Complete 
| 150|0x000000008d600000, 0x000000008d700000, 0x000000008d700000|100%|HC|  |TAMS 0x000000008d600000| PB 0x000000008d600000| Complete 
| 151|0x000000008d700000, 0x000000008d800000, 0x000000008d800000|100%|HC|  |TAMS 0x000000008d700000| PB 0x000000008d700000| Complete 
| 152|0x000000008d800000, 0x000000008d900000, 0x000000008d900000|100%|HC|  |TAMS 0x000000008d800000| PB 0x000000008d800000| Complete 
| 153|0x000000008d900000, 0x000000008da00000, 0x000000008da00000|100%|HC|  |TAMS 0x000000008d900000| PB 0x000000008d900000| Complete 
| 154|0x000000008da00000, 0x000000008db00000, 0x000000008db00000|100%|HS|  |TAMS 0x000000008da00000| PB 0x000000008da00000| Complete 
| 155|0x000000008db00000, 0x000000008dc00000, 0x000000008dc00000|100%|HS|  |TAMS 0x000000008db00000| PB 0x000000008db00000| Complete 
| 156|0x000000008dc00000, 0x000000008dd00000, 0x000000008dd00000|100%|HC|  |TAMS 0x000000008dc00000| PB 0x000000008dc00000| Complete 
| 157|0x000000008dd00000, 0x000000008de00000, 0x000000008de00000|100%|HC|  |TAMS 0x000000008dd00000| PB 0x000000008dd00000| Complete 
| 158|0x000000008de00000, 0x000000008df00000, 0x000000008df00000|100%|HC|  |TAMS 0x000000008de00000| PB 0x000000008de00000| Complete 
| 159|0x000000008df00000, 0x000000008e000000, 0x000000008e000000|100%|HC|  |TAMS 0x000000008df00000| PB 0x000000008df00000| Complete 
| 160|0x000000008e000000, 0x000000008e100000, 0x000000008e100000|100%|HS|  |TAMS 0x000000008e000000| PB 0x000000008e000000| Complete 
| 161|0x000000008e100000, 0x000000008e200000, 0x000000008e200000|100%|HC|  |TAMS 0x000000008e100000| PB 0x000000008e100000| Complete 
| 162|0x000000008e200000, 0x000000008e300000, 0x000000008e300000|100%|HC|  |TAMS 0x000000008e200000| PB 0x000000008e200000| Complete 
| 163|0x000000008e300000, 0x000000008e400000, 0x000000008e400000|100%|HC|  |TAMS 0x000000008e300000| PB 0x000000008e300000| Complete 
| 164|0x000000008e400000, 0x000000008e500000, 0x000000008e500000|100%|HC|  |TAMS 0x000000008e400000| PB 0x000000008e400000| Complete 
| 165|0x000000008e500000, 0x000000008e600000, 0x000000008e600000|100%|HC|  |TAMS 0x000000008e500000| PB 0x000000008e500000| Complete 
| 166|0x000000008e600000, 0x000000008e700000, 0x000000008e700000|100%|HS|  |TAMS 0x000000008e600000| PB 0x000000008e600000| Complete 
| 167|0x000000008e700000, 0x000000008e800000, 0x000000008e800000|100%|HC|  |TAMS 0x000000008e700000| PB 0x000000008e700000| Complete 
| 168|0x000000008e800000, 0x000000008e900000, 0x000000008e900000|100%|HC|  |TAMS 0x000000008e800000| PB 0x000000008e800000| Complete 
| 169|0x000000008e900000, 0x000000008ea00000, 0x000000008ea00000|100%|HC|  |TAMS 0x000000008e900000| PB 0x000000008e900000| Complete 
| 170|0x000000008ea00000, 0x000000008eb00000, 0x000000008eb00000|100%|HC|  |TAMS 0x000000008ea00000| PB 0x000000008ea00000| Complete 
| 171|0x000000008eb00000, 0x000000008ec00000, 0x000000008ec00000|100%|HC|  |TAMS 0x000000008eb00000| PB 0x000000008eb00000| Complete 
| 172|0x000000008ec00000, 0x000000008ed00000, 0x000000008ed00000|100%|HC|  |TAMS 0x000000008ec00000| PB 0x000000008ec00000| Complete 
| 173|0x000000008ed00000, 0x000000008ee00000, 0x000000008ee00000|100%|HC|  |TAMS 0x000000008ed00000| PB 0x000000008ed00000| Complete 
| 174|0x000000008ee00000, 0x000000008ef00000, 0x000000008ef00000|100%|HC|  |TAMS 0x000000008ee00000| PB 0x000000008ee00000| Complete 
| 175|0x000000008ef00000, 0x000000008f000000, 0x000000008f000000|100%|HC|  |TAMS 0x000000008ef00000| PB 0x000000008ef00000| Complete 
| 176|0x000000008f000000, 0x000000008f100000, 0x000000008f100000|100%|HS|  |TAMS 0x000000008f000000| PB 0x000000008f000000| Complete 
| 177|0x000000008f100000, 0x000000008f200000, 0x000000008f200000|100%|HC|  |TAMS 0x000000008f100000| PB 0x000000008f100000| Complete 
| 178|0x000000008f200000, 0x000000008f300000, 0x000000008f300000|100%|HC|  |TAMS 0x000000008f200000| PB 0x000000008f200000| Complete 
| 179|0x000000008f300000, 0x000000008f400000, 0x000000008f400000|100%|HC|  |TAMS 0x000000008f300000| PB 0x000000008f300000| Complete 
| 180|0x000000008f400000, 0x000000008f500000, 0x000000008f500000|100%|HC|  |TAMS 0x000000008f400000| PB 0x000000008f400000| Complete 
| 181|0x000000008f500000, 0x000000008f600000, 0x000000008f600000|100%|HC|  |TAMS 0x000000008f500000| PB 0x000000008f500000| Complete 
| 182|0x000000008f600000, 0x000000008f700000, 0x000000008f700000|100%|HS|  |TAMS 0x000000008f600000| PB 0x000000008f600000| Complete 
| 183|0x000000008f700000, 0x000000008f800000, 0x000000008f800000|100%|HC|  |TAMS 0x000000008f700000| PB 0x000000008f700000| Complete 
| 184|0x000000008f800000, 0x000000008f900000, 0x000000008f900000|100%|HS|  |TAMS 0x000000008f800000| PB 0x000000008f800000| Complete 
| 185|0x000000008f900000, 0x000000008fa00000, 0x000000008fa00000|100%|HS|  |TAMS 0x000000008f900000| PB 0x000000008f900000| Complete 
| 186|0x000000008fa00000, 0x000000008fb00000, 0x000000008fb00000|100%|HC|  |TAMS 0x000000008fa00000| PB 0x000000008fa00000| Complete 
| 187|0x000000008fb00000, 0x000000008fc00000, 0x000000008fc00000|100%|HC|  |TAMS 0x000000008fb00000| PB 0x000000008fb00000| Complete 
| 188|0x000000008fc00000, 0x000000008fd00000, 0x000000008fd00000|100%|HC|  |TAMS 0x000000008fc00000| PB 0x000000008fc00000| Complete 
| 189|0x000000008fd00000, 0x000000008fe00000, 0x000000008fe00000|100%|HC|  |TAMS 0x000000008fd00000| PB 0x000000008fd00000| Complete 
| 190|0x000000008fe00000, 0x000000008ff00000, 0x000000008ff00000|100%|HC|  |TAMS 0x000000008fe00000| PB 0x000000008fe00000| Complete 
| 191|0x000000008ff00000, 0x0000000090000000, 0x0000000090000000|100%|HS|  |TAMS 0x000000008ff00000| PB 0x000000008ff00000| Complete 
| 192|0x0000000090000000, 0x0000000090100000, 0x0000000090100000|100%|HC|  |TAMS 0x0000000090000000| PB 0x0000000090000000| Complete 
| 193|0x0000000090100000, 0x0000000090200000, 0x0000000090200000|100%|HC|  |TAMS 0x0000000090100000| PB 0x0000000090100000| Complete 
| 194|0x0000000090200000, 0x0000000090300000, 0x0000000090300000|100%|HC|  |TAMS 0x0000000090200000| PB 0x0000000090200000| Complete 
| 195|0x0000000090300000, 0x0000000090400000, 0x0000000090400000|100%|HC|  |TAMS 0x0000000090300000| PB 0x0000000090300000| Complete 
| 196|0x0000000090400000, 0x0000000090500000, 0x0000000090500000|100%|HC|  |TAMS 0x0000000090400000| PB 0x0000000090400000| Complete 
| 197|0x0000000090500000, 0x0000000090600000, 0x0000000090600000|100%|HC|  |TAMS 0x0000000090500000| PB 0x0000000090500000| Complete 
| 198|0x0000000090600000, 0x0000000090700000, 0x0000000090700000|100%|HC|  |TAMS 0x0000000090600000| PB 0x0000000090600000| Complete 
| 199|0x0000000090700000, 0x0000000090800000, 0x0000000090800000|100%|HC|  |TAMS 0x0000000090700000| PB 0x0000000090700000| Complete 
| 200|0x0000000090800000, 0x0000000090900000, 0x0000000090900000|100%|HC|  |TAMS 0x0000000090800000| PB 0x0000000090800000| Complete 
| 201|0x0000000090900000, 0x0000000090a00000, 0x0000000090a00000|100%|HS|  |TAMS 0x0000000090900000| PB 0x0000000090900000| Complete 
| 202|0x0000000090a00000, 0x0000000090b00000, 0x0000000090b00000|100%|HS|  |TAMS 0x0000000090a00000| PB 0x0000000090a00000| Complete 
| 203|0x0000000090b00000, 0x0000000090c00000, 0x0000000090c00000|100%|HC|  |TAMS 0x0000000090b00000| PB 0x0000000090b00000| Complete 
| 204|0x0000000090c00000, 0x0000000090d00000, 0x0000000090d00000|100%|HC|  |TAMS 0x0000000090c00000| PB 0x0000000090c00000| Complete 
| 205|0x0000000090d00000, 0x0000000090e00000, 0x0000000090e00000|100%|HC|  |TAMS 0x0000000090d00000| PB 0x0000000090d00000| Complete 
| 206|0x0000000090e00000, 0x0000000090f00000, 0x0000000090f00000|100%|HC|  |TAMS 0x0000000090e00000| PB 0x0000000090e00000| Complete 
| 207|0x0000000090f00000, 0x0000000091000000, 0x0000000091000000|100%|HC|  |TAMS 0x0000000090f00000| PB 0x0000000090f00000| Complete 
| 208|0x0000000091000000, 0x0000000091100000, 0x0000000091100000|100%|HC|  |TAMS 0x0000000091000000| PB 0x0000000091000000| Complete 
| 209|0x0000000091100000, 0x0000000091200000, 0x0000000091200000|100%|HC|  |TAMS 0x0000000091100000| PB 0x0000000091100000| Complete 
| 210|0x0000000091200000, 0x0000000091300000, 0x0000000091300000|100%|HC|  |TAMS 0x0000000091200000| PB 0x0000000091200000| Complete 
| 211|0x0000000091300000, 0x0000000091400000, 0x0000000091400000|100%|HC|  |TAMS 0x0000000091300000| PB 0x0000000091300000| Complete 
| 212|0x0000000091400000, 0x0000000091500000, 0x0000000091500000|100%|HS|  |TAMS 0x0000000091400000| PB 0x0000000091400000| Complete 
| 213|0x0000000091500000, 0x0000000091600000, 0x0000000091600000|100%|HC|  |TAMS 0x0000000091500000| PB 0x0000000091500000| Complete 
| 214|0x0000000091600000, 0x0000000091700000, 0x0000000091700000|100%|HS|  |TAMS 0x0000000091600000| PB 0x0000000091600000| Complete 
| 215|0x0000000091700000, 0x0000000091800000, 0x0000000091800000|100%|HC|  |TAMS 0x0000000091700000| PB 0x0000000091700000| Complete 
| 216|0x0000000091800000, 0x0000000091900000, 0x0000000091900000|100%|HC|  |TAMS 0x0000000091800000| PB 0x0000000091800000| Complete 
| 217|0x0000000091900000, 0x0000000091a00000, 0x0000000091a00000|100%|HC|  |TAMS 0x0000000091900000| PB 0x0000000091900000| Complete 
| 218|0x0000000091a00000, 0x0000000091b00000, 0x0000000091b00000|100%|HC|  |TAMS 0x0000000091a00000| PB 0x0000000091a00000| Complete 
| 219|0x0000000091b00000, 0x0000000091c00000, 0x0000000091c00000|100%|HC|  |TAMS 0x0000000091b00000| PB 0x0000000091b00000| Complete 
| 220|0x0000000091c00000, 0x0000000091d00000, 0x0000000091d00000|100%|HS|  |TAMS 0x0000000091c00000| PB 0x0000000091c00000| Complete 
| 221|0x0000000091d00000, 0x0000000091e00000, 0x0000000091e00000|100%|HC|  |TAMS 0x0000000091d00000| PB 0x0000000091d00000| Complete 
| 222|0x0000000091e00000, 0x0000000091f00000, 0x0000000091f00000|100%|HC|  |TAMS 0x0000000091e00000| PB 0x0000000091e00000| Complete 
| 223|0x0000000091f00000, 0x0000000092000000, 0x0000000092000000|100%|HC|  |TAMS 0x0000000091f00000| PB 0x0000000091f00000| Complete 
| 224|0x0000000092000000, 0x0000000092100000, 0x0000000092100000|100%|HC|  |TAMS 0x0000000092000000| PB 0x0000000092000000| Complete 
| 225|0x0000000092100000, 0x0000000092200000, 0x0000000092200000|100%|HC|  |TAMS 0x0000000092100000| PB 0x0000000092100000| Complete 
| 226|0x0000000092200000, 0x0000000092300000, 0x0000000092300000|100%|HC|  |TAMS 0x0000000092200000| PB 0x0000000092200000| Complete 
| 227|0x0000000092300000, 0x0000000092400000, 0x0000000092400000|100%|HC|  |TAMS 0x0000000092300000| PB 0x0000000092300000| Complete 
| 228|0x0000000092400000, 0x0000000092500000, 0x0000000092500000|100%|HC|  |TAMS 0x0000000092400000| PB 0x0000000092400000| Complete 
| 229|0x0000000092500000, 0x0000000092600000, 0x0000000092600000|100%|HC|  |TAMS 0x0000000092500000| PB 0x0000000092500000| Complete 
| 230|0x0000000092600000, 0x0000000092700000, 0x0000000092700000|100%|HS|  |TAMS 0x0000000092600000| PB 0x0000000092600000| Complete 
| 231|0x0000000092700000, 0x0000000092800000, 0x0000000092800000|100%|HS|  |TAMS 0x0000000092700000| PB 0x0000000092700000| Complete 
| 232|0x0000000092800000, 0x0000000092900000, 0x0000000092900000|100%|HC|  |TAMS 0x0000000092800000| PB 0x0000000092800000| Complete 
| 233|0x0000000092900000, 0x0000000092a00000, 0x0000000092a00000|100%|HC|  |TAMS 0x0000000092900000| PB 0x0000000092900000| Complete 
| 234|0x0000000092a00000, 0x0000000092b00000, 0x0000000092b00000|100%|HC|  |TAMS 0x0000000092a00000| PB 0x0000000092a00000| Complete 
| 235|0x0000000092b00000, 0x0000000092c00000, 0x0000000092c00000|100%|HC|  |TAMS 0x0000000092b00000| PB 0x0000000092b00000| Complete 
| 236|0x0000000092c00000, 0x0000000092d00000, 0x0000000092d00000|100%|HC|  |TAMS 0x0000000092c00000| PB 0x0000000092c00000| Complete 
| 237|0x0000000092d00000, 0x0000000092e00000, 0x0000000092e00000|100%|HS|  |TAMS 0x0000000092d00000| PB 0x0000000092d00000| Complete 
| 238|0x0000000092e00000, 0x0000000092f00000, 0x0000000092f00000|100%|HC|  |TAMS 0x0000000092e00000| PB 0x0000000092e00000| Complete 
| 239|0x0000000092f00000, 0x0000000093000000, 0x0000000093000000|100%|HC|  |TAMS 0x0000000092f00000| PB 0x0000000092f00000| Complete 
| 240|0x0000000093000000, 0x0000000093100000, 0x0000000093100000|100%|HC|  |TAMS 0x0000000093000000| PB 0x0000000093000000| Complete 
| 241|0x0000000093100000, 0x0000000093200000, 0x0000000093200000|100%|HC|  |TAMS 0x0000000093100000| PB 0x0000000093100000| Complete 
| 242|0x0000000093200000, 0x0000000093300000, 0x0000000093300000|100%|HC|  |TAMS 0x0000000093200000| PB 0x0000000093200000| Complete 
| 243|0x0000000093300000, 0x0000000093400000, 0x0000000093400000|100%|HS|  |TAMS 0x0000000093300000| PB 0x0000000093300000| Complete 
| 244|0x0000000093400000, 0x0000000093500000, 0x0000000093500000|100%|HC|  |TAMS 0x0000000093400000| PB 0x0000000093400000| Complete 
| 245|0x0000000093500000, 0x0000000093600000, 0x0000000093600000|100%|HC|  |TAMS 0x0000000093500000| PB 0x0000000093500000| Complete 
| 246|0x0000000093600000, 0x0000000093700000, 0x0000000093700000|100%|HC|  |TAMS 0x0000000093600000| PB 0x0000000093600000| Complete 
| 247|0x0000000093700000, 0x0000000093800000, 0x0000000093800000|100%|HC|  |TAMS 0x0000000093700000| PB 0x0000000093700000| Complete 
| 248|0x0000000093800000, 0x0000000093900000, 0x0000000093900000|100%|HS|  |TAMS 0x0000000093800000| PB 0x0000000093800000| Complete 
| 249|0x0000000093900000, 0x0000000093a00000, 0x0000000093a00000|100%|HC|  |TAMS 0x0000000093900000| PB 0x0000000093900000| Complete 
| 250|0x0000000093a00000, 0x0000000093b00000, 0x0000000093b00000|100%|HC|  |TAMS 0x0000000093a00000| PB 0x0000000093a00000| Complete 
| 251|0x0000000093b00000, 0x0000000093c00000, 0x0000000093c00000|100%|HC|  |TAMS 0x0000000093b00000| PB 0x0000000093b00000| Complete 
| 252|0x0000000093c00000, 0x0000000093d00000, 0x0000000093d00000|100%|HC|  |TAMS 0x0000000093c00000| PB 0x0000000093c00000| Complete 
| 253|0x0000000093d00000, 0x0000000093e00000, 0x0000000093e00000|100%|HS|  |TAMS 0x0000000093d00000| PB 0x0000000093d00000| Complete 
| 254|0x0000000093e00000, 0x0000000093f00000, 0x0000000093f00000|100%|HS|  |TAMS 0x0000000093e00000| PB 0x0000000093e00000| Complete 
| 255|0x0000000093f00000, 0x0000000094000000, 0x0000000094000000|100%|HC|  |TAMS 0x0000000093f00000| PB 0x0000000093f00000| Complete 
| 256|0x0000000094000000, 0x0000000094100000, 0x0000000094100000|100%|HC|  |TAMS 0x0000000094000000| PB 0x0000000094000000| Complete 
| 257|0x0000000094100000, 0x0000000094200000, 0x0000000094200000|100%|HC|  |TAMS 0x0000000094100000| PB 0x0000000094100000| Complete 
| 258|0x0000000094200000, 0x0000000094300000, 0x0000000094300000|100%|HC|  |TAMS 0x0000000094200000| PB 0x0000000094200000| Complete 
| 259|0x0000000094300000, 0x0000000094400000, 0x0000000094400000|100%|HS|  |TAMS 0x0000000094300000| PB 0x0000000094300000| Complete 
| 260|0x0000000094400000, 0x0000000094500000, 0x0000000094500000|100%|HC|  |TAMS 0x0000000094400000| PB 0x0000000094400000| Complete 
| 261|0x0000000094500000, 0x0000000094600000, 0x0000000094600000|100%|HC|  |TAMS 0x0000000094500000| PB 0x0000000094500000| Complete 
| 262|0x0000000094600000, 0x0000000094700000, 0x0000000094700000|100%|HC|  |TAMS 0x0000000094600000| PB 0x0000000094600000| Complete 
| 263|0x0000000094700000, 0x0000000094800000, 0x0000000094800000|100%|HC|  |TAMS 0x0000000094700000| PB 0x0000000094700000| Complete 
| 264|0x0000000094800000, 0x0000000094900000, 0x0000000094900000|100%|HS|  |TAMS 0x0000000094800000| PB 0x0000000094800000| Complete 
| 265|0x0000000094900000, 0x0000000094a00000, 0x0000000094a00000|100%|HC|  |TAMS 0x0000000094900000| PB 0x0000000094900000| Complete 
| 266|0x0000000094a00000, 0x0000000094b00000, 0x0000000094b00000|100%|HC|  |TAMS 0x0000000094a00000| PB 0x0000000094a00000| Complete 
| 267|0x0000000094b00000, 0x0000000094c00000, 0x0000000094c00000|100%|HS|  |TAMS 0x0000000094b00000| PB 0x0000000094b00000| Complete 
| 268|0x0000000094c00000, 0x0000000094d00000, 0x0000000094d00000|100%|HC|  |TAMS 0x0000000094c00000| PB 0x0000000094c00000| Complete 
| 269|0x0000000094d00000, 0x0000000094e00000, 0x0000000094e00000|100%|HS|  |TAMS 0x0000000094d00000| PB 0x0000000094d00000| Complete 
| 270|0x0000000094e00000, 0x0000000094f00000, 0x0000000094f00000|100%|HC|  |TAMS 0x0000000094e00000| PB 0x0000000094e00000| Complete 
| 271|0x0000000094f00000, 0x0000000095000000, 0x0000000095000000|100%|HS|  |TAMS 0x0000000094f00000| PB 0x0000000094f00000| Complete 
| 272|0x0000000095000000, 0x0000000095100000, 0x0000000095100000|100%|HC|  |TAMS 0x0000000095000000| PB 0x0000000095000000| Complete 
| 273|0x0000000095100000, 0x0000000095200000, 0x0000000095200000|100%|HC|  |TAMS 0x0000000095100000| PB 0x0000000095100000| Complete 
| 274|0x0000000095200000, 0x0000000095300000, 0x0000000095300000|100%|HC|  |TAMS 0x0000000095200000| PB 0x0000000095200000| Complete 
| 275|0x0000000095300000, 0x0000000095400000, 0x0000000095400000|100%|HC|  |TAMS 0x0000000095300000| PB 0x0000000095300000| Complete 
| 276|0x0000000095400000, 0x0000000095500000, 0x0000000095500000|100%|HC|  |TAMS 0x0000000095400000| PB 0x0000000095400000| Complete 
| 277|0x0000000095500000, 0x0000000095600000, 0x0000000095600000|100%|HS|  |TAMS 0x0000000095500000| PB 0x0000000095500000| Complete 
| 278|0x0000000095600000, 0x0000000095700000, 0x0000000095700000|100%|HC|  |TAMS 0x0000000095600000| PB 0x0000000095600000| Complete 
| 279|0x0000000095700000, 0x0000000095800000, 0x0000000095800000|100%|HC|  |TAMS 0x0000000095700000| PB 0x0000000095700000| Complete 
| 280|0x0000000095800000, 0x0000000095900000, 0x0000000095900000|100%|HC|  |TAMS 0x0000000095800000| PB 0x0000000095800000| Complete 
| 281|0x0000000095900000, 0x0000000095a00000, 0x0000000095a00000|100%|HC|  |TAMS 0x0000000095900000| PB 0x0000000095900000| Complete 
| 282|0x0000000095a00000, 0x0000000095b00000, 0x0000000095b00000|100%|HC|  |TAMS 0x0000000095a00000| PB 0x0000000095a00000| Complete 
| 283|0x0000000095b00000, 0x0000000095c00000, 0x0000000095c00000|100%|HC|  |TAMS 0x0000000095b00000| PB 0x0000000095b00000| Complete 
| 284|0x0000000095c00000, 0x0000000095d00000, 0x0000000095d00000|100%|HC|  |TAMS 0x0000000095c00000| PB 0x0000000095c00000| Complete 
| 285|0x0000000095d00000, 0x0000000095e00000, 0x0000000095e00000|100%|HC|  |TAMS 0x0000000095d00000| PB 0x0000000095d00000| Complete 
| 286|0x0000000095e00000, 0x0000000095f00000, 0x0000000095f00000|100%|HS|  |TAMS 0x0000000095e00000| PB 0x0000000095e00000| Complete 
| 287|0x0000000095f00000, 0x0000000096000000, 0x0000000096000000|100%|HC|  |TAMS 0x0000000095f00000| PB 0x0000000095f00000| Complete 
| 288|0x0000000096000000, 0x0000000096100000, 0x0000000096100000|100%|HC|  |TAMS 0x0000000096000000| PB 0x0000000096000000| Complete 
| 289|0x0000000096100000, 0x0000000096200000, 0x0000000096200000|100%|HC|  |TAMS 0x0000000096100000| PB 0x0000000096100000| Complete 
| 290|0x0000000096200000, 0x0000000096300000, 0x0000000096300000|100%|HC|  |TAMS 0x0000000096200000| PB 0x0000000096200000| Complete 
| 291|0x0000000096300000, 0x0000000096400000, 0x0000000096400000|100%|HC|  |TAMS 0x0000000096300000| PB 0x0000000096300000| Complete 
| 292|0x0000000096400000, 0x0000000096500000, 0x0000000096500000|100%|HC|  |TAMS 0x0000000096400000| PB 0x0000000096400000| Complete 
| 293|0x0000000096500000, 0x0000000096600000, 0x0000000096600000|100%|HC|  |TAMS 0x0000000096500000| PB 0x0000000096500000| Complete 
| 294|0x0000000096600000, 0x0000000096700000, 0x0000000096700000|100%|HC|  |TAMS 0x0000000096600000| PB 0x0000000096600000| Complete 
| 295|0x0000000096700000, 0x0000000096800000, 0x0000000096800000|100%|HC|  |TAMS 0x0000000096700000| PB 0x0000000096700000| Complete 
| 296|0x0000000096800000, 0x0000000096900000, 0x0000000096900000|100%|HS|  |TAMS 0x0000000096800000| PB 0x0000000096800000| Complete 
| 297|0x0000000096900000, 0x0000000096a00000, 0x0000000096a00000|100%|HC|  |TAMS 0x0000000096900000| PB 0x0000000096900000| Complete 
| 298|0x0000000096a00000, 0x0000000096b00000, 0x0000000096b00000|100%|HC|  |TAMS 0x0000000096a00000| PB 0x0000000096a00000| Complete 
| 299|0x0000000096b00000, 0x0000000096c00000, 0x0000000096c00000|100%|HS|  |TAMS 0x0000000096b00000| PB 0x0000000096b00000| Complete 
| 300|0x0000000096c00000, 0x0000000096d00000, 0x0000000096d00000|100%|HS|  |TAMS 0x0000000096c00000| PB 0x0000000096c00000| Complete 
| 301|0x0000000096d00000, 0x0000000096e00000, 0x0000000096e00000|100%|HC|  |TAMS 0x0000000096d00000| PB 0x0000000096d00000| Complete 
| 302|0x0000000096e00000, 0x0000000096f00000, 0x0000000096f00000|100%|HC|  |TAMS 0x0000000096e00000| PB 0x0000000096e00000| Complete 
| 303|0x0000000096f00000, 0x0000000097000000, 0x0000000097000000|100%|HC|  |TAMS 0x0000000096f00000| PB 0x0000000096f00000| Complete 
| 304|0x0000000097000000, 0x0000000097100000, 0x0000000097100000|100%|HC|  |TAMS 0x0000000097000000| PB 0x0000000097000000| Complete 
| 305|0x0000000097100000, 0x0000000097200000, 0x0000000097200000|100%|HC|  |TAMS 0x0000000097100000| PB 0x0000000097100000| Complete 
| 306|0x0000000097200000, 0x0000000097300000, 0x0000000097300000|100%|HC|  |TAMS 0x0000000097200000| PB 0x0000000097200000| Complete 
| 307|0x0000000097300000, 0x0000000097400000, 0x0000000097400000|100%|HC|  |TAMS 0x0000000097300000| PB 0x0000000097300000| Complete 
| 308|0x0000000097400000, 0x0000000097500000, 0x0000000097500000|100%|HC|  |TAMS 0x0000000097400000| PB 0x0000000097400000| Complete 
| 309|0x0000000097500000, 0x0000000097600000, 0x0000000097600000|100%|HC|  |TAMS 0x0000000097500000| PB 0x0000000097500000| Complete 
| 310|0x0000000097600000, 0x0000000097700000, 0x0000000097700000|100%|HC|  |TAMS 0x0000000097600000| PB 0x0000000097600000| Complete 
| 311|0x0000000097700000, 0x0000000097800000, 0x0000000097800000|100%|HS|  |TAMS 0x0000000097700000| PB 0x0000000097700000| Complete 
| 312|0x0000000097800000, 0x0000000097900000, 0x0000000097900000|100%|HC|  |TAMS 0x0000000097800000| PB 0x0000000097800000| Complete 
| 313|0x0000000097900000, 0x0000000097a00000, 0x0000000097a00000|100%|HC|  |TAMS 0x0000000097900000| PB 0x0000000097900000| Complete 
| 314|0x0000000097a00000, 0x0000000097b00000, 0x0000000097b00000|100%|HC|  |TAMS 0x0000000097a00000| PB 0x0000000097a00000| Complete 
| 315|0x0000000097b00000, 0x0000000097c00000, 0x0000000097c00000|100%|HC|  |TAMS 0x0000000097b00000| PB 0x0000000097b00000| Complete 
| 316|0x0000000097c00000, 0x0000000097d00000, 0x0000000097d00000|100%|HC|  |TAMS 0x0000000097c00000| PB 0x0000000097c00000| Complete 
| 317|0x0000000097d00000, 0x0000000097e00000, 0x0000000097e00000|100%|HC|  |TAMS 0x0000000097d00000| PB 0x0000000097d00000| Complete 
| 318|0x0000000097e00000, 0x0000000097f00000, 0x0000000097f00000|100%|HC|  |TAMS 0x0000000097e00000| PB 0x0000000097e00000| Complete 
| 319|0x0000000097f00000, 0x0000000098000000, 0x0000000098000000|100%|HC|  |TAMS 0x0000000097f00000| PB 0x0000000097f00000| Complete 
| 320|0x0000000098000000, 0x0000000098100000, 0x0000000098100000|100%|HC|  |TAMS 0x0000000098000000| PB 0x0000000098000000| Complete 
| 321|0x0000000098100000, 0x0000000098200000, 0x0000000098200000|100%|HS|  |TAMS 0x0000000098100000| PB 0x0000000098100000| Complete 
| 322|0x0000000098200000, 0x0000000098300000, 0x0000000098300000|100%|HC|  |TAMS 0x0000000098200000| PB 0x0000000098200000| Complete 
| 323|0x0000000098300000, 0x0000000098400000, 0x0000000098400000|100%|HC|  |TAMS 0x0000000098300000| PB 0x0000000098300000| Complete 
| 324|0x0000000098400000, 0x0000000098500000, 0x0000000098500000|100%|HC|  |TAMS 0x0000000098400000| PB 0x0000000098400000| Complete 
| 325|0x0000000098500000, 0x0000000098600000, 0x0000000098600000|100%|HC|  |TAMS 0x0000000098500000| PB 0x0000000098500000| Complete 
| 326|0x0000000098600000, 0x0000000098700000, 0x0000000098700000|100%|HC|  |TAMS 0x0000000098600000| PB 0x0000000098600000| Complete 
| 327|0x0000000098700000, 0x0000000098800000, 0x0000000098800000|100%|HC|  |TAMS 0x0000000098700000| PB 0x0000000098700000| Complete 
| 328|0x0000000098800000, 0x0000000098900000, 0x0000000098900000|100%|HC|  |TAMS 0x0000000098800000| PB 0x0000000098800000| Complete 
| 329|0x0000000098900000, 0x0000000098a00000, 0x0000000098a00000|100%|HC|  |TAMS 0x0000000098900000| PB 0x0000000098900000| Complete 
| 330|0x0000000098a00000, 0x0000000098b00000, 0x0000000098b00000|100%|HC|  |TAMS 0x0000000098a00000| PB 0x0000000098a00000| Complete 
| 331|0x0000000098b00000, 0x0000000098c00000, 0x0000000098c00000|100%|HS|  |TAMS 0x0000000098b00000| PB 0x0000000098b00000| Complete 
| 332|0x0000000098c00000, 0x0000000098d00000, 0x0000000098d00000|100%|HC|  |TAMS 0x0000000098c00000| PB 0x0000000098c00000| Complete 
| 333|0x0000000098d00000, 0x0000000098e00000, 0x0000000098e00000|100%|HC|  |TAMS 0x0000000098d00000| PB 0x0000000098d00000| Complete 
| 334|0x0000000098e00000, 0x0000000098f00000, 0x0000000098f00000|100%|HC|  |TAMS 0x0000000098e00000| PB 0x0000000098e00000| Complete 
| 335|0x0000000098f00000, 0x0000000099000000, 0x0000000099000000|100%|HC|  |TAMS 0x0000000098f00000| PB 0x0000000098f00000| Complete 
| 336|0x0000000099000000, 0x0000000099100000, 0x0000000099100000|100%|HS|  |TAMS 0x0000000099000000| PB 0x0000000099000000| Complete 
| 337|0x0000000099100000, 0x0000000099200000, 0x0000000099200000|100%|HC|  |TAMS 0x0000000099100000| PB 0x0000000099100000| Complete 
| 338|0x0000000099200000, 0x0000000099300000, 0x0000000099300000|100%|HS|  |TAMS 0x0000000099200000| PB 0x0000000099200000| Complete 
| 339|0x0000000099300000, 0x0000000099400000, 0x0000000099400000|100%|HC|  |TAMS 0x0000000099300000| PB 0x0000000099300000| Complete 
| 340|0x0000000099400000, 0x0000000099500000, 0x0000000099500000|100%|HC|  |TAMS 0x0000000099400000| PB 0x0000000099400000| Complete 
| 341|0x0000000099500000, 0x0000000099600000, 0x0000000099600000|100%|HC|  |TAMS 0x0000000099500000| PB 0x0000000099500000| Complete 
| 342|0x0000000099600000, 0x0000000099700000, 0x0000000099700000|100%|HC|  |TAMS 0x0000000099600000| PB 0x0000000099600000| Complete 
| 343|0x0000000099700000, 0x0000000099800000, 0x0000000099800000|100%|HC|  |TAMS 0x0000000099700000| PB 0x0000000099700000| Complete 
| 344|0x0000000099800000, 0x0000000099900000, 0x0000000099900000|100%|HC|  |TAMS 0x0000000099800000| PB 0x0000000099800000| Complete 
| 345|0x0000000099900000, 0x0000000099a00000, 0x0000000099a00000|100%|HC|  |TAMS 0x0000000099900000| PB 0x0000000099900000| Complete 
| 346|0x0000000099a00000, 0x0000000099b00000, 0x0000000099b00000|100%|HC|  |TAMS 0x0000000099a00000| PB 0x0000000099a00000| Complete 
| 347|0x0000000099b00000, 0x0000000099c00000, 0x0000000099c00000|100%|HC|  |TAMS 0x0000000099b00000| PB 0x0000000099b00000| Complete 
| 348|0x0000000099c00000, 0x0000000099d00000, 0x0000000099d00000|100%|HS|  |TAMS 0x0000000099c00000| PB 0x0000000099c00000| Complete 
| 349|0x0000000099d00000, 0x0000000099e00000, 0x0000000099e00000|100%|HC|  |TAMS 0x0000000099d00000| PB 0x0000000099d00000| Complete 
| 350|0x0000000099e00000, 0x0000000099f00000, 0x0000000099f00000|100%|HC|  |TAMS 0x0000000099e00000| PB 0x0000000099e00000| Complete 
| 351|0x0000000099f00000, 0x000000009a000000, 0x000000009a000000|100%|HC|  |TAMS 0x0000000099f00000| PB 0x0000000099f00000| Complete 
| 352|0x000000009a000000, 0x000000009a100000, 0x000000009a100000|100%|HC|  |TAMS 0x000000009a000000| PB 0x000000009a000000| Complete 
| 353|0x000000009a100000, 0x000000009a200000, 0x000000009a200000|100%|HC|  |TAMS 0x000000009a100000| PB 0x000000009a100000| Complete 
| 354|0x000000009a200000, 0x000000009a300000, 0x000000009a300000|100%|HS|  |TAMS 0x000000009a200000| PB 0x000000009a200000| Complete 
| 355|0x000000009a300000, 0x000000009a400000, 0x000000009a400000|100%|HC|  |TAMS 0x000000009a300000| PB 0x000000009a300000| Complete 
| 356|0x000000009a400000, 0x000000009a500000, 0x000000009a500000|100%|HC|  |TAMS 0x000000009a400000| PB 0x000000009a400000| Complete 
| 357|0x000000009a500000, 0x000000009a600000, 0x000000009a600000|100%|HC|  |TAMS 0x000000009a500000| PB 0x000000009a500000| Complete 
| 358|0x000000009a600000, 0x000000009a700000, 0x000000009a700000|100%|HC|  |TAMS 0x000000009a600000| PB 0x000000009a600000| Complete 
| 359|0x000000009a700000, 0x000000009a800000, 0x000000009a800000|100%|HS|  |TAMS 0x000000009a700000| PB 0x000000009a700000| Complete 
| 360|0x000000009a800000, 0x000000009a900000, 0x000000009a900000|100%|HC|  |TAMS 0x000000009a800000| PB 0x000000009a800000| Complete 
| 361|0x000000009a900000, 0x000000009aa00000, 0x000000009aa00000|100%|HC|  |TAMS 0x000000009a900000| PB 0x000000009a900000| Complete 
| 362|0x000000009aa00000, 0x000000009ab00000, 0x000000009ab00000|100%|HC|  |TAMS 0x000000009aa00000| PB 0x000000009aa00000| Complete 
| 363|0x000000009ab00000, 0x000000009ac00000, 0x000000009ac00000|100%|HC|  |TAMS 0x000000009ab00000| PB 0x000000009ab00000| Complete 
| 364|0x000000009ac00000, 0x000000009ad00000, 0x000000009ad00000|100%|HC|  |TAMS 0x000000009ac00000| PB 0x000000009ac00000| Complete 
| 365|0x000000009ad00000, 0x000000009ae00000, 0x000000009ae00000|100%|HC|  |TAMS 0x000000009ad00000| PB 0x000000009ad00000| Complete 
| 366|0x000000009ae00000, 0x000000009af00000, 0x000000009af00000|100%|HC|  |TAMS 0x000000009ae00000| PB 0x000000009ae00000| Complete 
| 367|0x000000009af00000, 0x000000009b000000, 0x000000009b000000|100%|HC|  |TAMS 0x000000009af00000| PB 0x000000009af00000| Complete 
| 368|0x000000009b000000, 0x000000009b100000, 0x000000009b100000|100%|HS|  |TAMS 0x000000009b000000| PB 0x000000009b000000| Complete 
| 369|0x000000009b100000, 0x000000009b200000, 0x000000009b200000|100%|HC|  |TAMS 0x000000009b100000| PB 0x000000009b100000| Complete 
| 370|0x000000009b200000, 0x000000009b300000, 0x000000009b300000|100%|HC|  |TAMS 0x000000009b200000| PB 0x000000009b200000| Complete 
| 371|0x000000009b300000, 0x000000009b400000, 0x000000009b400000|100%|HC|  |TAMS 0x000000009b300000| PB 0x000000009b300000| Complete 
| 372|0x000000009b400000, 0x000000009b500000, 0x000000009b500000|100%|HC|  |TAMS 0x000000009b400000| PB 0x000000009b400000| Complete 
| 373|0x000000009b500000, 0x000000009b600000, 0x000000009b600000|100%|HC|  |TAMS 0x000000009b500000| PB 0x000000009b500000| Complete 
| 374|0x000000009b600000, 0x000000009b700000, 0x000000009b700000|100%|HC|  |TAMS 0x000000009b600000| PB 0x000000009b600000| Complete 
| 375|0x000000009b700000, 0x000000009b800000, 0x000000009b800000|100%|HC|  |TAMS 0x000000009b700000| PB 0x000000009b700000| Complete 
| 376|0x000000009b800000, 0x000000009b900000, 0x000000009b900000|100%|HC|  |TAMS 0x000000009b800000| PB 0x000000009b800000| Complete 
| 377|0x000000009b900000, 0x000000009ba00000, 0x000000009ba00000|100%|HC|  |TAMS 0x000000009b900000| PB 0x000000009b900000| Complete 
| 378|0x000000009ba00000, 0x000000009bb00000, 0x000000009bb00000|100%|HS|  |TAMS 0x000000009ba00000| PB 0x000000009ba00000| Complete 
| 379|0x000000009bb00000, 0x000000009bc00000, 0x000000009bc00000|100%|HC|  |TAMS 0x000000009bb00000| PB 0x000000009bb00000| Complete 
| 380|0x000000009bc00000, 0x000000009bd00000, 0x000000009bd00000|100%|HC|  |TAMS 0x000000009bc00000| PB 0x000000009bc00000| Complete 
| 381|0x000000009bd00000, 0x000000009be00000, 0x000000009be00000|100%|HC|  |TAMS 0x000000009bd00000| PB 0x000000009bd00000| Complete 
| 382|0x000000009be00000, 0x000000009bf00000, 0x000000009bf00000|100%|HC|  |TAMS 0x000000009be00000| PB 0x000000009be00000| Complete 
| 383|0x000000009bf00000, 0x000000009c000000, 0x000000009c000000|100%|HS|  |TAMS 0x000000009bf00000| PB 0x000000009bf00000| Complete 
| 384|0x000000009c000000, 0x000000009c100000, 0x000000009c100000|100%|HC|  |TAMS 0x000000009c000000| PB 0x000000009c000000| Complete 
| 385|0x000000009c100000, 0x000000009c200000, 0x000000009c200000|100%|HC|  |TAMS 0x000000009c100000| PB 0x000000009c100000| Complete 
| 386|0x000000009c200000, 0x000000009c300000, 0x000000009c300000|100%|HC|  |TAMS 0x000000009c200000| PB 0x000000009c200000| Complete 
| 387|0x000000009c300000, 0x000000009c400000, 0x000000009c400000|100%|HC|  |TAMS 0x000000009c300000| PB 0x000000009c300000| Complete 
| 388|0x000000009c400000, 0x000000009c500000, 0x000000009c500000|100%|HC|  |TAMS 0x000000009c400000| PB 0x000000009c400000| Complete 
| 389|0x000000009c500000, 0x000000009c600000, 0x000000009c600000|100%|HC|  |TAMS 0x000000009c500000| PB 0x000000009c500000| Complete 
| 390|0x000000009c600000, 0x000000009c700000, 0x000000009c700000|100%|HC|  |TAMS 0x000000009c600000| PB 0x000000009c600000| Complete 
| 391|0x000000009c700000, 0x000000009c800000, 0x000000009c800000|100%|HC|  |TAMS 0x000000009c700000| PB 0x000000009c700000| Complete 
| 392|0x000000009c800000, 0x000000009c900000, 0x000000009c900000|100%|HC|  |TAMS 0x000000009c800000| PB 0x000000009c800000| Complete 
| 393|0x000000009c900000, 0x000000009ca00000, 0x000000009ca00000|100%|HS|  |TAMS 0x000000009c900000| PB 0x000000009c900000| Complete 
| 394|0x000000009ca00000, 0x000000009cb00000, 0x000000009cb00000|100%|HC|  |TAMS 0x000000009ca00000| PB 0x000000009ca00000| Complete 
| 395|0x000000009cb00000, 0x000000009cc00000, 0x000000009cc00000|100%|HS|  |TAMS 0x000000009cb00000| PB 0x000000009cb00000| Complete 
| 396|0x000000009cc00000, 0x000000009cd00000, 0x000000009cd00000|100%|HC|  |TAMS 0x000000009cc00000| PB 0x000000009cc00000| Complete 
| 397|0x000000009cd00000, 0x000000009ce00000, 0x000000009ce00000|100%|HC|  |TAMS 0x000000009cd00000| PB 0x000000009cd00000| Complete 
| 398|0x000000009ce00000, 0x000000009cf00000, 0x000000009cf00000|100%|HC|  |TAMS 0x000000009ce00000| PB 0x000000009ce00000| Complete 
| 399|0x000000009cf00000, 0x000000009d000000, 0x000000009d000000|100%|HC|  |TAMS 0x000000009cf00000| PB 0x000000009cf00000| Complete 
| 400|0x000000009d000000, 0x000000009d100000, 0x000000009d100000|100%|HC|  |TAMS 0x000000009d000000| PB 0x000000009d000000| Complete 
| 401|0x000000009d100000, 0x000000009d200000, 0x000000009d200000|100%|HC|  |TAMS 0x000000009d100000| PB 0x000000009d100000| Complete 
| 402|0x000000009d200000, 0x000000009d300000, 0x000000009d300000|100%|HC|  |TAMS 0x000000009d200000| PB 0x000000009d200000| Complete 
| 403|0x000000009d300000, 0x000000009d400000, 0x000000009d400000|100%|HC|  |TAMS 0x000000009d300000| PB 0x000000009d300000| Complete 
| 404|0x000000009d400000, 0x000000009d500000, 0x000000009d500000|100%|HC|  |TAMS 0x000000009d400000| PB 0x000000009d400000| Complete 
| 405|0x000000009d500000, 0x000000009d600000, 0x000000009d600000|100%|HS|  |TAMS 0x000000009d500000| PB 0x000000009d500000| Complete 
| 406|0x000000009d600000, 0x000000009d700000, 0x000000009d700000|100%|HC|  |TAMS 0x000000009d600000| PB 0x000000009d600000| Complete 
| 407|0x000000009d700000, 0x000000009d800000, 0x000000009d800000|100%|HC|  |TAMS 0x000000009d700000| PB 0x000000009d700000| Complete 
| 408|0x000000009d800000, 0x000000009d900000, 0x000000009d900000|100%|HC|  |TAMS 0x000000009d800000| PB 0x000000009d800000| Complete 
| 409|0x000000009d900000, 0x000000009da00000, 0x000000009da00000|100%|HC|  |TAMS 0x000000009d900000| PB 0x000000009d900000| Complete 
| 410|0x000000009da00000, 0x000000009db00000, 0x000000009db00000|100%|HS|  |TAMS 0x000000009da00000| PB 0x000000009da00000| Complete 
| 411|0x000000009db00000, 0x000000009dc00000, 0x000000009dc00000|100%|HC|  |TAMS 0x000000009db00000| PB 0x000000009db00000| Complete 
| 412|0x000000009dc00000, 0x000000009dd00000, 0x000000009dd00000|100%|HC|  |TAMS 0x000000009dc00000| PB 0x000000009dc00000| Complete 
| 413|0x000000009dd00000, 0x000000009de00000, 0x000000009de00000|100%|HC|  |TAMS 0x000000009dd00000| PB 0x000000009dd00000| Complete 
| 414|0x000000009de00000, 0x000000009df00000, 0x000000009df00000|100%|HC|  |TAMS 0x000000009de00000| PB 0x000000009de00000| Complete 
| 415|0x000000009df00000, 0x000000009e000000, 0x000000009e000000|100%|HC|  |TAMS 0x000000009df00000| PB 0x000000009df00000| Complete 
| 416|0x000000009e000000, 0x000000009e100000, 0x000000009e100000|100%|HC|  |TAMS 0x000000009e000000| PB 0x000000009e000000| Complete 
| 417|0x000000009e100000, 0x000000009e200000, 0x000000009e200000|100%|HC|  |TAMS 0x000000009e100000| PB 0x000000009e100000| Complete 
| 418|0x000000009e200000, 0x000000009e300000, 0x000000009e300000|100%|HC|  |TAMS 0x000000009e200000| PB 0x000000009e200000| Complete 
| 419|0x000000009e300000, 0x000000009e400000, 0x000000009e400000|100%|HC|  |TAMS 0x000000009e300000| PB 0x000000009e300000| Complete 
| 420|0x000000009e400000, 0x000000009e500000, 0x000000009e500000|100%|HC|  |TAMS 0x000000009e400000| PB 0x000000009e400000| Complete 
| 421|0x000000009e500000, 0x000000009e600000, 0x000000009e600000|100%|HC|  |TAMS 0x000000009e500000| PB 0x000000009e500000| Complete 
| 422|0x000000009e600000, 0x000000009e700000, 0x000000009e700000|100%|HC|  |TAMS 0x000000009e600000| PB 0x000000009e600000| Complete 
| 423|0x000000009e700000, 0x000000009e800000, 0x000000009e800000|100%|HC|  |TAMS 0x000000009e700000| PB 0x000000009e700000| Complete 
| 424|0x000000009e800000, 0x000000009e900000, 0x000000009e900000|100%|HC|  |TAMS 0x000000009e800000| PB 0x000000009e800000| Complete 
| 425|0x000000009e900000, 0x000000009ea00000, 0x000000009ea00000|100%|HC|  |TAMS 0x000000009e900000| PB 0x000000009e900000| Complete 
| 426|0x000000009ea00000, 0x000000009eb00000, 0x000000009eb00000|100%|HC|  |TAMS 0x000000009ea00000| PB 0x000000009ea00000| Complete 
| 427|0x000000009eb00000, 0x000000009ec00000, 0x000000009ec00000|100%|HS|  |TAMS 0x000000009eb00000| PB 0x000000009eb00000| Complete 
| 428|0x000000009ec00000, 0x000000009ed00000, 0x000000009ed00000|100%|HC|  |TAMS 0x000000009ec00000| PB 0x000000009ec00000| Complete 
| 429|0x000000009ed00000, 0x000000009ee00000, 0x000000009ee00000|100%|HC|  |TAMS 0x000000009ed00000| PB 0x000000009ed00000| Complete 
| 430|0x000000009ee00000, 0x000000009ef00000, 0x000000009ef00000|100%|HC|  |TAMS 0x000000009ee00000| PB 0x000000009ee00000| Complete 
| 431|0x000000009ef00000, 0x000000009f000000, 0x000000009f000000|100%|HC|  |TAMS 0x000000009ef00000| PB 0x000000009ef00000| Complete 
| 432|0x000000009f000000, 0x000000009f100000, 0x000000009f100000|100%|HS|  |TAMS 0x000000009f000000| PB 0x000000009f000000| Complete 
| 433|0x000000009f100000, 0x000000009f200000, 0x000000009f200000|100%|HC|  |TAMS 0x000000009f100000| PB 0x000000009f100000| Complete 
| 434|0x000000009f200000, 0x000000009f300000, 0x000000009f300000|100%|HC|  |TAMS 0x000000009f200000| PB 0x000000009f200000| Complete 
| 435|0x000000009f300000, 0x000000009f400000, 0x000000009f400000|100%|HC|  |TAMS 0x000000009f300000| PB 0x000000009f300000| Complete 
| 436|0x000000009f400000, 0x000000009f500000, 0x000000009f500000|100%|HC|  |TAMS 0x000000009f400000| PB 0x000000009f400000| Complete 
| 437|0x000000009f500000, 0x000000009f600000, 0x000000009f600000|100%|HC|  |TAMS 0x000000009f500000| PB 0x000000009f500000| Complete 
| 438|0x000000009f600000, 0x000000009f700000, 0x000000009f700000|100%|HC|  |TAMS 0x000000009f600000| PB 0x000000009f600000| Complete 
| 439|0x000000009f700000, 0x000000009f800000, 0x000000009f800000|100%|HC|  |TAMS 0x000000009f700000| PB 0x000000009f700000| Complete 
| 440|0x000000009f800000, 0x000000009f900000, 0x000000009f900000|100%|HC|  |TAMS 0x000000009f800000| PB 0x000000009f800000| Complete 
| 441|0x000000009f900000, 0x000000009fa00000, 0x000000009fa00000|100%|HC|  |TAMS 0x000000009f900000| PB 0x000000009f900000| Complete 
| 442|0x000000009fa00000, 0x000000009fb00000, 0x000000009fb00000|100%|HS|  |TAMS 0x000000009fa00000| PB 0x000000009fa00000| Complete 
| 443|0x000000009fb00000, 0x000000009fc00000, 0x000000009fc00000|100%|HC|  |TAMS 0x000000009fb00000| PB 0x000000009fb00000| Complete 
| 444|0x000000009fc00000, 0x000000009fd00000, 0x000000009fd00000|100%|HC|  |TAMS 0x000000009fc00000| PB 0x000000009fc00000| Complete 
| 445|0x000000009fd00000, 0x000000009fe00000, 0x000000009fe00000|100%|HC|  |TAMS 0x000000009fd00000| PB 0x000000009fd00000| Complete 
| 446|0x000000009fe00000, 0x000000009ff00000, 0x000000009ff00000|100%|HC|  |TAMS 0x000000009fe00000| PB 0x000000009fe00000| Complete 
| 447|0x000000009ff00000, 0x00000000a0000000, 0x00000000a0000000|100%|HS|  |TAMS 0x000000009ff00000| PB 0x000000009ff00000| Complete 
| 448|0x00000000a0000000, 0x00000000a0100000, 0x00000000a0100000|100%|HC|  |TAMS 0x00000000a0000000| PB 0x00000000a0000000| Complete 
| 449|0x00000000a0100000, 0x00000000a0200000, 0x00000000a0200000|100%|HC|  |TAMS 0x00000000a0100000| PB 0x00000000a0100000| Complete 
| 450|0x00000000a0200000, 0x00000000a0300000, 0x00000000a0300000|100%|HC|  |TAMS 0x00000000a0200000| PB 0x00000000a0200000| Complete 
| 451|0x00000000a0300000, 0x00000000a0400000, 0x00000000a0400000|100%|HC|  |TAMS 0x00000000a0300000| PB 0x00000000a0300000| Complete 
| 452|0x00000000a0400000, 0x00000000a0500000, 0x00000000a0500000|100%|HC|  |TAMS 0x00000000a0400000| PB 0x00000000a0400000| Complete 
| 453|0x00000000a0500000, 0x00000000a0600000, 0x00000000a0600000|100%|HC|  |TAMS 0x00000000a0500000| PB 0x00000000a0500000| Complete 
| 454|0x00000000a0600000, 0x00000000a0700000, 0x00000000a0700000|100%|HC|  |TAMS 0x00000000a0600000| PB 0x00000000a0600000| Complete 
| 455|0x00000000a0700000, 0x00000000a0800000, 0x00000000a0800000|100%|HC|  |TAMS 0x00000000a0700000| PB 0x00000000a0700000| Complete 
| 456|0x00000000a0800000, 0x00000000a0900000, 0x00000000a0900000|100%|HS|  |TAMS 0x00000000a0800000| PB 0x00000000a0800000| Complete 
| 457|0x00000000a0900000, 0x00000000a0a00000, 0x00000000a0a00000|100%|HC|  |TAMS 0x00000000a0900000| PB 0x00000000a0900000| Complete 
| 458|0x00000000a0a00000, 0x00000000a0b00000, 0x00000000a0b00000|100%|HC|  |TAMS 0x00000000a0a00000| PB 0x00000000a0a00000| Complete 
| 459|0x00000000a0b00000, 0x00000000a0c00000, 0x00000000a0c00000|100%|HS|  |TAMS 0x00000000a0b00000| PB 0x00000000a0b00000| Complete 
| 460|0x00000000a0c00000, 0x00000000a0d00000, 0x00000000a0d00000|100%|HC|  |TAMS 0x00000000a0c00000| PB 0x00000000a0c00000| Complete 
| 461|0x00000000a0d00000, 0x00000000a0e00000, 0x00000000a0e00000|100%|HC|  |TAMS 0x00000000a0d00000| PB 0x00000000a0d00000| Complete 
| 462|0x00000000a0e00000, 0x00000000a0f00000, 0x00000000a0f00000|100%|HS|  |TAMS 0x00000000a0e00000| PB 0x00000000a0e00000| Complete 
| 463|0x00000000a0f00000, 0x00000000a1000000, 0x00000000a1000000|100%|HS|  |TAMS 0x00000000a0f00000| PB 0x00000000a0f00000| Complete 
| 464|0x00000000a1000000, 0x00000000a1100000, 0x00000000a1100000|100%|HC|  |TAMS 0x00000000a1000000| PB 0x00000000a1000000| Complete 
| 465|0x00000000a1100000, 0x00000000a1200000, 0x00000000a1200000|100%|HC|  |TAMS 0x00000000a1100000| PB 0x00000000a1100000| Complete 
| 466|0x00000000a1200000, 0x00000000a1300000, 0x00000000a1300000|100%|HC|  |TAMS 0x00000000a1200000| PB 0x00000000a1200000| Complete 
| 467|0x00000000a1300000, 0x00000000a1400000, 0x00000000a1400000|100%|HC|  |TAMS 0x00000000a1300000| PB 0x00000000a1300000| Complete 
| 468|0x00000000a1400000, 0x00000000a1500000, 0x00000000a1500000|100%|HC|  |TAMS 0x00000000a1400000| PB 0x00000000a1400000| Complete 
| 469|0x00000000a1500000, 0x00000000a1600000, 0x00000000a1600000|100%|HC|  |TAMS 0x00000000a1500000| PB 0x00000000a1500000| Complete 
| 470|0x00000000a1600000, 0x00000000a1700000, 0x00000000a1700000|100%|HC|  |TAMS 0x00000000a1600000| PB 0x00000000a1600000| Complete 
| 471|0x00000000a1700000, 0x00000000a1800000, 0x00000000a1800000|100%|HC|  |TAMS 0x00000000a1700000| PB 0x00000000a1700000| Complete 
| 472|0x00000000a1800000, 0x00000000a1900000, 0x00000000a1900000|100%|HC|  |TAMS 0x00000000a1800000| PB 0x00000000a1800000| Complete 
| 473|0x00000000a1900000, 0x00000000a1a00000, 0x00000000a1a00000|100%|HS|  |TAMS 0x00000000a1900000| PB 0x00000000a1900000| Complete 
| 474|0x00000000a1a00000, 0x00000000a1b00000, 0x00000000a1b00000|100%|HC|  |TAMS 0x00000000a1a00000| PB 0x00000000a1a00000| Complete 
| 475|0x00000000a1b00000, 0x00000000a1c00000, 0x00000000a1c00000|100%|HC|  |TAMS 0x00000000a1b00000| PB 0x00000000a1b00000| Complete 
| 476|0x00000000a1c00000, 0x00000000a1d00000, 0x00000000a1d00000|100%|HC|  |TAMS 0x00000000a1c00000| PB 0x00000000a1c00000| Complete 
| 477|0x00000000a1d00000, 0x00000000a1e00000, 0x00000000a1e00000|100%|HC|  |TAMS 0x00000000a1d00000| PB 0x00000000a1d00000| Complete 
| 478|0x00000000a1e00000, 0x00000000a1f00000, 0x00000000a1f00000|100%| E|  |TAMS 0x00000000a1e00000| PB 0x00000000a1e00000| Complete 
| 479|0x00000000a1f00000, 0x00000000a2000000, 0x00000000a2000000|100%|HS|  |TAMS 0x00000000a1f00000| PB 0x00000000a1f00000| Complete 
| 480|0x00000000a2000000, 0x00000000a2100000, 0x00000000a2100000|100%|HC|  |TAMS 0x00000000a2000000| PB 0x00000000a2000000| Complete 
| 481|0x00000000a2100000, 0x00000000a2200000, 0x00000000a2200000|100%|HC|  |TAMS 0x00000000a2100000| PB 0x00000000a2100000| Complete 
| 482|0x00000000a2200000, 0x00000000a2300000, 0x00000000a2300000|100%|HC|  |TAMS 0x00000000a2200000| PB 0x00000000a2200000| Complete 
| 483|0x00000000a2300000, 0x00000000a2400000, 0x00000000a2400000|100%|HC|  |TAMS 0x00000000a2300000| PB 0x00000000a2300000| Complete 
| 484|0x00000000a2400000, 0x00000000a2500000, 0x00000000a2500000|100%|HC|  |TAMS 0x00000000a2400000| PB 0x00000000a2400000| Complete 
| 485|0x00000000a2500000, 0x00000000a2600000, 0x00000000a2600000|100%|HC|  |TAMS 0x00000000a2500000| PB 0x00000000a2500000| Complete 
| 486|0x00000000a2600000, 0x00000000a2700000, 0x00000000a2700000|100%|HC|  |TAMS 0x00000000a2600000| PB 0x00000000a2600000| Complete 
| 487|0x00000000a2700000, 0x00000000a2800000, 0x00000000a2800000|100%|HC|  |TAMS 0x00000000a2700000| PB 0x00000000a2700000| Complete 
| 488|0x00000000a2800000, 0x00000000a2900000, 0x00000000a2900000|100%|HC|  |TAMS 0x00000000a2800000| PB 0x00000000a2800000| Complete 
| 489|0x00000000a2900000, 0x00000000a2a00000, 0x00000000a2a00000|100%|HC|  |TAMS 0x00000000a2900000| PB 0x00000000a2900000| Complete 
| 490|0x00000000a2a00000, 0x00000000a2b00000, 0x00000000a2b00000|100%|HS|  |TAMS 0x00000000a2a00000| PB 0x00000000a2a00000| Complete 
| 491|0x00000000a2b00000, 0x00000000a2c00000, 0x00000000a2c00000|100%|HC|  |TAMS 0x00000000a2b00000| PB 0x00000000a2b00000| Complete 
| 492|0x00000000a2c00000, 0x00000000a2d00000, 0x00000000a2d00000|100%|HC|  |TAMS 0x00000000a2c00000| PB 0x00000000a2c00000| Complete 
| 493|0x00000000a2d00000, 0x00000000a2e00000, 0x00000000a2e00000|100%|HC|  |TAMS 0x00000000a2d00000| PB 0x00000000a2d00000| Complete 
| 494|0x00000000a2e00000, 0x00000000a2f00000, 0x00000000a2f00000|100%|HC|  |TAMS 0x00000000a2e00000| PB 0x00000000a2e00000| Complete 
| 495|0x00000000a2f00000, 0x00000000a3000000, 0x00000000a3000000|100%|HC|  |TAMS 0x00000000a2f00000| PB 0x00000000a2f00000| Complete 
| 496|0x00000000a3000000, 0x00000000a3100000, 0x00000000a3100000|100%|HC|  |TAMS 0x00000000a3000000| PB 0x00000000a3000000| Complete 
| 497|0x00000000a3100000, 0x00000000a3200000, 0x00000000a3200000|100%|HC|  |TAMS 0x00000000a3100000| PB 0x00000000a3100000| Complete 
| 498|0x00000000a3200000, 0x00000000a3300000, 0x00000000a3300000|100%|HC|  |TAMS 0x00000000a3200000| PB 0x00000000a3200000| Complete 
| 499|0x00000000a3300000, 0x00000000a3400000, 0x00000000a3400000|100%|HC|  |TAMS 0x00000000a3300000| PB 0x00000000a3300000| Complete 
| 500|0x00000000a3400000, 0x00000000a3500000, 0x00000000a3500000|100%|HC|  |TAMS 0x00000000a3400000| PB 0x00000000a3400000| Complete 
| 501|0x00000000a3500000, 0x00000000a3600000, 0x00000000a3600000|100%|HC|  |TAMS 0x00000000a3500000| PB 0x00000000a3500000| Complete 
| 502|0x00000000a3600000, 0x00000000a3700000, 0x00000000a3700000|100%|HC|  |TAMS 0x00000000a3600000| PB 0x00000000a3600000| Complete 
| 503|0x00000000a3700000, 0x00000000a3800000, 0x00000000a3800000|100%|HC|  |TAMS 0x00000000a3700000| PB 0x00000000a3700000| Complete 
| 504|0x00000000a3800000, 0x00000000a3900000, 0x00000000a3900000|100%|HC|  |TAMS 0x00000000a3800000| PB 0x00000000a3800000| Complete 
| 505|0x00000000a3900000, 0x00000000a3a00000, 0x00000000a3a00000|100%|HC|  |TAMS 0x00000000a3900000| PB 0x00000000a3900000| Complete 
| 506|0x00000000a3a00000, 0x00000000a3b00000, 0x00000000a3b00000|100%|HC|  |TAMS 0x00000000a3a00000| PB 0x00000000a3a00000| Complete 
| 507|0x00000000a3b00000, 0x00000000a3c00000, 0x00000000a3c00000|100%|HS|  |TAMS 0x00000000a3b00000| PB 0x00000000a3b00000| Complete 
| 508|0x00000000a3c00000, 0x00000000a3d00000, 0x00000000a3d00000|100%|HC|  |TAMS 0x00000000a3c00000| PB 0x00000000a3c00000| Complete 
| 509|0x00000000a3d00000, 0x00000000a3e00000, 0x00000000a3e00000|100%|HC|  |TAMS 0x00000000a3d00000| PB 0x00000000a3d00000| Complete 
| 510|0x00000000a3e00000, 0x00000000a3f00000, 0x00000000a3f00000|100%|HC|  |TAMS 0x00000000a3e00000| PB 0x00000000a3e00000| Complete 
| 511|0x00000000a3f00000, 0x00000000a4000000, 0x00000000a4000000|100%|HC|  |TAMS 0x00000000a3f00000| PB 0x00000000a3f00000| Complete 
| 512|0x00000000a4000000, 0x00000000a4100000, 0x00000000a4100000|100%|HC|  |TAMS 0x00000000a4000000| PB 0x00000000a4000000| Complete 
| 513|0x00000000a4100000, 0x00000000a4200000, 0x00000000a4200000|100%|HC|  |TAMS 0x00000000a4100000| PB 0x00000000a4100000| Complete 
| 514|0x00000000a4200000, 0x00000000a4300000, 0x00000000a4300000|100%|HC|  |TAMS 0x00000000a4200000| PB 0x00000000a4200000| Complete 
| 515|0x00000000a4300000, 0x00000000a4400000, 0x00000000a4400000|100%|HC|  |TAMS 0x00000000a4300000| PB 0x00000000a4300000| Complete 
| 516|0x00000000a4400000, 0x00000000a4500000, 0x00000000a4500000|100%|HC|  |TAMS 0x00000000a4400000| PB 0x00000000a4400000| Complete 
| 517|0x00000000a4500000, 0x00000000a4600000, 0x00000000a4600000|100%|HS|  |TAMS 0x00000000a4500000| PB 0x00000000a4500000| Complete 
| 518|0x00000000a4600000, 0x00000000a4700000, 0x00000000a4700000|100%|HC|  |TAMS 0x00000000a4600000| PB 0x00000000a4600000| Complete 
| 519|0x00000000a4700000, 0x00000000a4800000, 0x00000000a4800000|100%|HC|  |TAMS 0x00000000a4700000| PB 0x00000000a4700000| Complete 
| 520|0x00000000a4800000, 0x00000000a4900000, 0x00000000a4900000|100%|HC|  |TAMS 0x00000000a4800000| PB 0x00000000a4800000| Complete 
| 521|0x00000000a4900000, 0x00000000a4a00000, 0x00000000a4a00000|100%|HC|  |TAMS 0x00000000a4900000| PB 0x00000000a4900000| Complete 
| 522|0x00000000a4a00000, 0x00000000a4b00000, 0x00000000a4b00000|100%|HC|  |TAMS 0x00000000a4a00000| PB 0x00000000a4a00000| Complete 
| 523|0x00000000a4b00000, 0x00000000a4c00000, 0x00000000a4c00000|100%|HC|  |TAMS 0x00000000a4b00000| PB 0x00000000a4b00000| Complete 
| 524|0x00000000a4c00000, 0x00000000a4d00000, 0x00000000a4d00000|100%|HC|  |TAMS 0x00000000a4c00000| PB 0x00000000a4c00000| Complete 
| 525|0x00000000a4d00000, 0x00000000a4e00000, 0x00000000a4e00000|100%|HC|  |TAMS 0x00000000a4d00000| PB 0x00000000a4d00000| Complete 
| 526|0x00000000a4e00000, 0x00000000a4f00000, 0x00000000a4f00000|100%|HC|  |TAMS 0x00000000a4e00000| PB 0x00000000a4e00000| Complete 
| 527|0x00000000a4f00000, 0x00000000a5000000, 0x00000000a5000000|100%|HS|  |TAMS 0x00000000a4f00000| PB 0x00000000a4f00000| Complete 
| 528|0x00000000a5000000, 0x00000000a5100000, 0x00000000a5100000|100%|HC|  |TAMS 0x00000000a5000000| PB 0x00000000a5000000| Complete 
| 529|0x00000000a5100000, 0x00000000a5200000, 0x00000000a5200000|100%|HC|  |TAMS 0x00000000a5100000| PB 0x00000000a5100000| Complete 
| 530|0x00000000a5200000, 0x00000000a5300000, 0x00000000a5300000|100%|HC|  |TAMS 0x00000000a5200000| PB 0x00000000a5200000| Complete 
| 531|0x00000000a5300000, 0x00000000a5400000, 0x00000000a5400000|100%|HC|  |TAMS 0x00000000a5300000| PB 0x00000000a5300000| Complete 
| 532|0x00000000a5400000, 0x00000000a5500000, 0x00000000a5500000|100%|HC|  |TAMS 0x00000000a5400000| PB 0x00000000a5400000| Complete 
| 533|0x00000000a5500000, 0x00000000a5600000, 0x00000000a5600000|100%|HC|  |TAMS 0x00000000a5500000| PB 0x00000000a5500000| Complete 
| 534|0x00000000a5600000, 0x00000000a5700000, 0x00000000a5700000|100%|HC|  |TAMS 0x00000000a5600000| PB 0x00000000a5600000| Complete 
| 535|0x00000000a5700000, 0x00000000a5800000, 0x00000000a5800000|100%|HC|  |TAMS 0x00000000a5700000| PB 0x00000000a5700000| Complete 
| 536|0x00000000a5800000, 0x00000000a5900000, 0x00000000a5900000|100%|HS|  |TAMS 0x00000000a5800000| PB 0x00000000a5800000| Complete 
| 537|0x00000000a5900000, 0x00000000a5a00000, 0x00000000a5a00000|100%|HC|  |TAMS 0x00000000a5900000| PB 0x00000000a5900000| Complete 
| 538|0x00000000a5a00000, 0x00000000a5b00000, 0x00000000a5b00000|100%|HS|  |TAMS 0x00000000a5a00000| PB 0x00000000a5a00000| Complete 
| 539|0x00000000a5b00000, 0x00000000a5c00000, 0x00000000a5c00000|100%|HC|  |TAMS 0x00000000a5b00000| PB 0x00000000a5b00000| Complete 
| 540|0x00000000a5c00000, 0x00000000a5d00000, 0x00000000a5d00000|100%|HC|  |TAMS 0x00000000a5c00000| PB 0x00000000a5c00000| Complete 
| 541|0x00000000a5d00000, 0x00000000a5e00000, 0x00000000a5e00000|100%|HC|  |TAMS 0x00000000a5d00000| PB 0x00000000a5d00000| Complete 
| 542|0x00000000a5e00000, 0x00000000a5f00000, 0x00000000a5f00000|100%|HC|  |TAMS 0x00000000a5e00000| PB 0x00000000a5e00000| Complete 
| 543|0x00000000a5f00000, 0x00000000a6000000, 0x00000000a6000000|100%|HS|  |TAMS 0x00000000a5f00000| PB 0x00000000a5f00000| Complete 
| 544|0x00000000a6000000, 0x00000000a6100000, 0x00000000a6100000|100%|HC|  |TAMS 0x00000000a6000000| PB 0x00000000a6000000| Complete 
| 545|0x00000000a6100000, 0x00000000a6200000, 0x00000000a6200000|100%|HC|  |TAMS 0x00000000a6100000| PB 0x00000000a6100000| Complete 
| 546|0x00000000a6200000, 0x00000000a6300000, 0x00000000a6300000|100%|HC|  |TAMS 0x00000000a6200000| PB 0x00000000a6200000| Complete 
| 547|0x00000000a6300000, 0x00000000a6400000, 0x00000000a6400000|100%|HC|  |TAMS 0x00000000a6300000| PB 0x00000000a6300000| Complete 
| 548|0x00000000a6400000, 0x00000000a6500000, 0x00000000a6500000|100%|HC|  |TAMS 0x00000000a6400000| PB 0x00000000a6400000| Complete 
| 549|0x00000000a6500000, 0x00000000a6600000, 0x00000000a6600000|100%|HC|  |TAMS 0x00000000a6500000| PB 0x00000000a6500000| Complete 
| 550|0x00000000a6600000, 0x00000000a6700000, 0x00000000a6700000|100%|HC|  |TAMS 0x00000000a6600000| PB 0x00000000a6600000| Complete 
| 551|0x00000000a6700000, 0x00000000a6800000, 0x00000000a6800000|100%|HC|  |TAMS 0x00000000a6700000| PB 0x00000000a6700000| Complete 
| 552|0x00000000a6800000, 0x00000000a6900000, 0x00000000a6900000|100%|HC|  |TAMS 0x00000000a6800000| PB 0x00000000a6800000| Complete 
| 553|0x00000000a6900000, 0x00000000a6a00000, 0x00000000a6a00000|100%|HC|  |TAMS 0x00000000a6900000| PB 0x00000000a6900000| Complete 
| 554|0x00000000a6a00000, 0x00000000a6b00000, 0x00000000a6b00000|100%|HC|  |TAMS 0x00000000a6a00000| PB 0x00000000a6a00000| Complete 
| 555|0x00000000a6b00000, 0x00000000a6c00000, 0x00000000a6c00000|100%|HC|  |TAMS 0x00000000a6b00000| PB 0x00000000a6b00000| Complete 
| 556|0x00000000a6c00000, 0x00000000a6d00000, 0x00000000a6d00000|100%|HC|  |TAMS 0x00000000a6c00000| PB 0x00000000a6c00000| Complete 
| 557|0x00000000a6d00000, 0x00000000a6e00000, 0x00000000a6e00000|100%|HC|  |TAMS 0x00000000a6d00000| PB 0x00000000a6d00000| Complete 
| 558|0x00000000a6e00000, 0x00000000a6f00000, 0x00000000a6f00000|100%|HC|  |TAMS 0x00000000a6e00000| PB 0x00000000a6e00000| Complete 
| 559|0x00000000a6f00000, 0x00000000a7000000, 0x00000000a7000000|100%|HC|  |TAMS 0x00000000a6f00000| PB 0x00000000a6f00000| Complete 
| 560|0x00000000a7000000, 0x00000000a7100000, 0x00000000a7100000|100%|HS|  |TAMS 0x00000000a7000000| PB 0x00000000a7000000| Complete 
| 561|0x00000000a7100000, 0x00000000a7200000, 0x00000000a7200000|100%|HC|  |TAMS 0x00000000a7100000| PB 0x00000000a7100000| Complete 
| 562|0x00000000a7200000, 0x00000000a7300000, 0x00000000a7300000|100%|HC|  |TAMS 0x00000000a7200000| PB 0x00000000a7200000| Complete 
| 563|0x00000000a7300000, 0x00000000a7400000, 0x00000000a7400000|100%|HC|  |TAMS 0x00000000a7300000| PB 0x00000000a7300000| Complete 
| 564|0x00000000a7400000, 0x00000000a7500000, 0x00000000a7500000|100%|HC|  |TAMS 0x00000000a7400000| PB 0x00000000a7400000| Complete 
| 565|0x00000000a7500000, 0x00000000a7600000, 0x00000000a7600000|100%|HC|  |TAMS 0x00000000a7500000| PB 0x00000000a7500000| Complete 
| 566|0x00000000a7600000, 0x00000000a7700000, 0x00000000a7700000|100%|HC|  |TAMS 0x00000000a7600000| PB 0x00000000a7600000| Complete 
| 567|0x00000000a7700000, 0x00000000a7800000, 0x00000000a7800000|100%|HC|  |TAMS 0x00000000a7700000| PB 0x00000000a7700000| Complete 
| 568|0x00000000a7800000, 0x00000000a7900000, 0x00000000a7900000|100%|HC|  |TAMS 0x00000000a7800000| PB 0x00000000a7800000| Complete 
| 569|0x00000000a7900000, 0x00000000a7a00000, 0x00000000a7a00000|100%|HC|  |TAMS 0x00000000a7900000| PB 0x00000000a7900000| Complete 
| 570|0x00000000a7a00000, 0x00000000a7b00000, 0x00000000a7b00000|100%|HS|  |TAMS 0x00000000a7a00000| PB 0x00000000a7a00000| Complete 
| 571|0x00000000a7b00000, 0x00000000a7c00000, 0x00000000a7c00000|100%|HC|  |TAMS 0x00000000a7b00000| PB 0x00000000a7b00000| Complete 
| 572|0x00000000a7c00000, 0x00000000a7d00000, 0x00000000a7d00000|100%|HC|  |TAMS 0x00000000a7c00000| PB 0x00000000a7c00000| Complete 
| 573|0x00000000a7d00000, 0x00000000a7e00000, 0x00000000a7e00000|100%|HC|  |TAMS 0x00000000a7d00000| PB 0x00000000a7d00000| Complete 
| 574|0x00000000a7e00000, 0x00000000a7f00000, 0x00000000a7f00000|100%|HC|  |TAMS 0x00000000a7e00000| PB 0x00000000a7e00000| Complete 
| 575|0x00000000a7f00000, 0x00000000a8000000, 0x00000000a8000000|100%|HS|  |TAMS 0x00000000a7f00000| PB 0x00000000a7f00000| Complete 
| 576|0x00000000a8000000, 0x00000000a8100000, 0x00000000a8100000|100%|HC|  |TAMS 0x00000000a8000000| PB 0x00000000a8000000| Complete 
| 577|0x00000000a8100000, 0x00000000a8200000, 0x00000000a8200000|100%|HC|  |TAMS 0x00000000a8100000| PB 0x00000000a8100000| Complete 
| 578|0x00000000a8200000, 0x00000000a8300000, 0x00000000a8300000|100%|HC|  |TAMS 0x00000000a8200000| PB 0x00000000a8200000| Complete 
| 579|0x00000000a8300000, 0x00000000a8400000, 0x00000000a8400000|100%|HC|  |TAMS 0x00000000a8300000| PB 0x00000000a8300000| Complete 
| 580|0x00000000a8400000, 0x00000000a8500000, 0x00000000a8500000|100%|HS|  |TAMS 0x00000000a8400000| PB 0x00000000a8400000| Complete 
| 581|0x00000000a8500000, 0x00000000a8600000, 0x00000000a8600000|100%|HC|  |TAMS 0x00000000a8500000| PB 0x00000000a8500000| Complete 
| 582|0x00000000a8600000, 0x00000000a8700000, 0x00000000a8700000|100%|HC|  |TAMS 0x00000000a8600000| PB 0x00000000a8600000| Complete 
| 583|0x00000000a8700000, 0x00000000a8800000, 0x00000000a8800000|100%|HC|  |TAMS 0x00000000a8700000| PB 0x00000000a8700000| Complete 
| 584|0x00000000a8800000, 0x00000000a8900000, 0x00000000a8900000|100%|HC|  |TAMS 0x00000000a8800000| PB 0x00000000a8800000| Complete 
| 585|0x00000000a8900000, 0x00000000a8a00000, 0x00000000a8a00000|100%|HS|  |TAMS 0x00000000a8900000| PB 0x00000000a8900000| Complete 
| 586|0x00000000a8a00000, 0x00000000a8b00000, 0x00000000a8b00000|100%|HC|  |TAMS 0x00000000a8a00000| PB 0x00000000a8a00000| Complete 
| 587|0x00000000a8b00000, 0x00000000a8c00000, 0x00000000a8c00000|100%|HC|  |TAMS 0x00000000a8b00000| PB 0x00000000a8b00000| Complete 
| 588|0x00000000a8c00000, 0x00000000a8d00000, 0x00000000a8d00000|100%|HS|  |TAMS 0x00000000a8c00000| PB 0x00000000a8c00000| Complete 
| 589|0x00000000a8d00000, 0x00000000a8e00000, 0x00000000a8e00000|100%|HC|  |TAMS 0x00000000a8d00000| PB 0x00000000a8d00000| Complete 
| 590|0x00000000a8e00000, 0x00000000a8f00000, 0x00000000a8f00000|100%|HC|  |TAMS 0x00000000a8e00000| PB 0x00000000a8e00000| Complete 
| 591|0x00000000a8f00000, 0x00000000a9000000, 0x00000000a9000000|100%|HC|  |TAMS 0x00000000a8f00000| PB 0x00000000a8f00000| Complete 
| 592|0x00000000a9000000, 0x00000000a9100000, 0x00000000a9100000|100%|HC|  |TAMS 0x00000000a9000000| PB 0x00000000a9000000| Complete 
| 593|0x00000000a9100000, 0x00000000a9200000, 0x00000000a9200000|100%|HC|  |TAMS 0x00000000a9100000| PB 0x00000000a9100000| Complete 
| 594|0x00000000a9200000, 0x00000000a9300000, 0x00000000a9300000|100%|HC|  |TAMS 0x00000000a9200000| PB 0x00000000a9200000| Complete 
| 595|0x00000000a9300000, 0x00000000a9400000, 0x00000000a9400000|100%|HC|  |TAMS 0x00000000a9300000| PB 0x00000000a9300000| Complete 
| 596|0x00000000a9400000, 0x00000000a9500000, 0x00000000a9500000|100%|HC|  |TAMS 0x00000000a9400000| PB 0x00000000a9400000| Complete 
| 597|0x00000000a9500000, 0x00000000a9600000, 0x00000000a9600000|100%|HC|  |TAMS 0x00000000a9500000| PB 0x00000000a9500000| Complete 
| 598|0x00000000a9600000, 0x00000000a9700000, 0x00000000a9700000|100%|HC|  |TAMS 0x00000000a9600000| PB 0x00000000a9600000| Complete 
| 599|0x00000000a9700000, 0x00000000a9800000, 0x00000000a9800000|100%|HS|  |TAMS 0x00000000a9700000| PB 0x00000000a9700000| Complete 
| 600|0x00000000a9800000, 0x00000000a9900000, 0x00000000a9900000|100%|HC|  |TAMS 0x00000000a9800000| PB 0x00000000a9800000| Complete 
| 601|0x00000000a9900000, 0x00000000a9a00000, 0x00000000a9a00000|100%|HC|  |TAMS 0x00000000a9900000| PB 0x00000000a9900000| Complete 
| 602|0x00000000a9a00000, 0x00000000a9b00000, 0x00000000a9b00000|100%|HC|  |TAMS 0x00000000a9a00000| PB 0x00000000a9a00000| Complete 
| 603|0x00000000a9b00000, 0x00000000a9c00000, 0x00000000a9c00000|100%|HC|  |TAMS 0x00000000a9b00000| PB 0x00000000a9b00000| Complete 
| 604|0x00000000a9c00000, 0x00000000a9d00000, 0x00000000a9d00000|100%|HC|  |TAMS 0x00000000a9c00000| PB 0x00000000a9c00000| Complete 
| 605|0x00000000a9d00000, 0x00000000a9e00000, 0x00000000a9e00000|100%|HC|  |TAMS 0x00000000a9d00000| PB 0x00000000a9d00000| Complete 
| 606|0x00000000a9e00000, 0x00000000a9f00000, 0x00000000a9f00000|100%|HC|  |TAMS 0x00000000a9e00000| PB 0x00000000a9e00000| Complete 
| 607|0x00000000a9f00000, 0x00000000aa000000, 0x00000000aa000000|100%|HC|  |TAMS 0x00000000a9f00000| PB 0x00000000a9f00000| Complete 
| 608|0x00000000aa000000, 0x00000000aa100000, 0x00000000aa100000|100%| E|  |TAMS 0x00000000aa000000| PB 0x00000000aa000000| Complete 
| 609|0x00000000aa100000, 0x00000000aa200000, 0x00000000aa200000|100%|HS|  |TAMS 0x00000000aa100000| PB 0x00000000aa100000| Complete 
| 610|0x00000000aa200000, 0x00000000aa300000, 0x00000000aa300000|100%|HC|  |TAMS 0x00000000aa200000| PB 0x00000000aa200000| Complete 
| 611|0x00000000aa300000, 0x00000000aa400000, 0x00000000aa400000|100%|HC|  |TAMS 0x00000000aa300000| PB 0x00000000aa300000| Complete 
| 612|0x00000000aa400000, 0x00000000aa500000, 0x00000000aa500000|100%|HC|  |TAMS 0x00000000aa400000| PB 0x00000000aa400000| Complete 
| 613|0x00000000aa500000, 0x00000000aa600000, 0x00000000aa600000|100%|HC|  |TAMS 0x00000000aa500000| PB 0x00000000aa500000| Complete 
| 614|0x00000000aa600000, 0x00000000aa700000, 0x00000000aa700000|100%|HC|  |TAMS 0x00000000aa600000| PB 0x00000000aa600000| Complete 
| 615|0x00000000aa700000, 0x00000000aa800000, 0x00000000aa800000|100%|HC|  |TAMS 0x00000000aa700000| PB 0x00000000aa700000| Complete 
| 616|0x00000000aa800000, 0x00000000aa900000, 0x00000000aa900000|100%|HC|  |TAMS 0x00000000aa800000| PB 0x00000000aa800000| Complete 
| 617|0x00000000aa900000, 0x00000000aaa00000, 0x00000000aaa00000|100%|HC|  |TAMS 0x00000000aa900000| PB 0x00000000aa900000| Complete 
| 618|0x00000000aaa00000, 0x00000000aab00000, 0x00000000aab00000|100%|HC|  |TAMS 0x00000000aaa00000| PB 0x00000000aaa00000| Complete 
| 619|0x00000000aab00000, 0x00000000aac00000, 0x00000000aac00000|100%|HS|  |TAMS 0x00000000aab00000| PB 0x00000000aab00000| Complete 
| 620|0x00000000aac00000, 0x00000000aad00000, 0x00000000aad00000|100%|HC|  |TAMS 0x00000000aac00000| PB 0x00000000aac00000| Complete 
| 621|0x00000000aad00000, 0x00000000aae00000, 0x00000000aae00000|100%|HC|  |TAMS 0x00000000aad00000| PB 0x00000000aad00000| Complete 
| 622|0x00000000aae00000, 0x00000000aaf00000, 0x00000000aaf00000|100%|HC|  |TAMS 0x00000000aae00000| PB 0x00000000aae00000| Complete 
| 623|0x00000000aaf00000, 0x00000000ab000000, 0x00000000ab000000|100%|HC|  |TAMS 0x00000000aaf00000| PB 0x00000000aaf00000| Complete 
| 624|0x00000000ab000000, 0x00000000ab100000, 0x00000000ab100000|100%|HC|  |TAMS 0x00000000ab000000| PB 0x00000000ab000000| Complete 
| 625|0x00000000ab100000, 0x00000000ab200000, 0x00000000ab200000|100%|HC|  |TAMS 0x00000000ab100000| PB 0x00000000ab100000| Complete 
| 626|0x00000000ab200000, 0x00000000ab300000, 0x00000000ab300000|100%|HC|  |TAMS 0x00000000ab200000| PB 0x00000000ab200000| Complete 
| 627|0x00000000ab300000, 0x00000000ab400000, 0x00000000ab400000|100%|HC|  |TAMS 0x00000000ab300000| PB 0x00000000ab300000| Complete 
| 628|0x00000000ab400000, 0x00000000ab500000, 0x00000000ab500000|100%|HC|  |TAMS 0x00000000ab400000| PB 0x00000000ab400000| Complete 
| 629|0x00000000ab500000, 0x00000000ab600000, 0x00000000ab600000|100%|HS|  |TAMS 0x00000000ab500000| PB 0x00000000ab500000| Complete 
| 630|0x00000000ab600000, 0x00000000ab700000, 0x00000000ab700000|100%|HC|  |TAMS 0x00000000ab600000| PB 0x00000000ab600000| Complete 
| 631|0x00000000ab700000, 0x00000000ab800000, 0x00000000ab800000|100%|HC|  |TAMS 0x00000000ab700000| PB 0x00000000ab700000| Complete 
| 632|0x00000000ab800000, 0x00000000ab900000, 0x00000000ab900000|100%|HC|  |TAMS 0x00000000ab800000| PB 0x00000000ab800000| Complete 
| 633|0x00000000ab900000, 0x00000000aba00000, 0x00000000aba00000|100%|HC|  |TAMS 0x00000000ab900000| PB 0x00000000ab900000| Complete 
| 634|0x00000000aba00000, 0x00000000abb00000, 0x00000000abb00000|100%|HC|  |TAMS 0x00000000aba00000| PB 0x00000000aba00000| Complete 
| 635|0x00000000abb00000, 0x00000000abc00000, 0x00000000abc00000|100%|HC|  |TAMS 0x00000000abb00000| PB 0x00000000abb00000| Complete 
| 636|0x00000000abc00000, 0x00000000abd00000, 0x00000000abd00000|100%|HC|  |TAMS 0x00000000abc00000| PB 0x00000000abc00000| Complete 
| 637|0x00000000abd00000, 0x00000000abe00000, 0x00000000abe00000|100%|HC|  |TAMS 0x00000000abd00000| PB 0x00000000abd00000| Complete 
| 638|0x00000000abe00000, 0x00000000abf00000, 0x00000000abf00000|100%|HC|  |TAMS 0x00000000abe00000| PB 0x00000000abe00000| Complete 
| 639|0x00000000abf00000, 0x00000000ac000000, 0x00000000ac000000|100%|HS|  |TAMS 0x00000000abf00000| PB 0x00000000abf00000| Complete 
| 640|0x00000000ac000000, 0x00000000ac100000, 0x00000000ac100000|100%|HC|  |TAMS 0x00000000ac000000| PB 0x00000000ac000000| Complete 
| 641|0x00000000ac100000, 0x00000000ac200000, 0x00000000ac200000|100%|HC|  |TAMS 0x00000000ac100000| PB 0x00000000ac100000| Complete 
| 642|0x00000000ac200000, 0x00000000ac300000, 0x00000000ac300000|100%|HC|  |TAMS 0x00000000ac200000| PB 0x00000000ac200000| Complete 
| 643|0x00000000ac300000, 0x00000000ac400000, 0x00000000ac400000|100%|HC|  |TAMS 0x00000000ac300000| PB 0x00000000ac300000| Complete 
| 644|0x00000000ac400000, 0x00000000ac500000, 0x00000000ac500000|100%|HC|  |TAMS 0x00000000ac400000| PB 0x00000000ac400000| Complete 
| 645|0x00000000ac500000, 0x00000000ac600000, 0x00000000ac600000|100%|HC|  |TAMS 0x00000000ac500000| PB 0x00000000ac500000| Complete 
| 646|0x00000000ac600000, 0x00000000ac700000, 0x00000000ac700000|100%|HC|  |TAMS 0x00000000ac600000| PB 0x00000000ac600000| Complete 
| 647|0x00000000ac700000, 0x00000000ac800000, 0x00000000ac800000|100%|HC|  |TAMS 0x00000000ac700000| PB 0x00000000ac700000| Complete 
| 648|0x00000000ac800000, 0x00000000ac900000, 0x00000000ac900000|100%|HC|  |TAMS 0x00000000ac800000| PB 0x00000000ac800000| Complete 
| 649|0x00000000ac900000, 0x00000000aca00000, 0x00000000aca00000|100%|HS|  |TAMS 0x00000000ac900000| PB 0x00000000ac900000| Complete 
| 650|0x00000000aca00000, 0x00000000acb00000, 0x00000000acb00000|100%|HC|  |TAMS 0x00000000aca00000| PB 0x00000000aca00000| Complete 
| 651|0x00000000acb00000, 0x00000000acc00000, 0x00000000acc00000|100%|HC|  |TAMS 0x00000000acb00000| PB 0x00000000acb00000| Complete 
| 652|0x00000000acc00000, 0x00000000acd00000, 0x00000000acd00000|100%|HC|  |TAMS 0x00000000acc00000| PB 0x00000000acc00000| Complete 
| 653|0x00000000acd00000, 0x00000000ace00000, 0x00000000ace00000|100%|HC|  |TAMS 0x00000000acd00000| PB 0x00000000acd00000| Complete 
| 654|0x00000000ace00000, 0x00000000acf00000, 0x00000000acf00000|100%|HC|  |TAMS 0x00000000ace00000| PB 0x00000000ace00000| Complete 
| 655|0x00000000acf00000, 0x00000000ad000000, 0x00000000ad000000|100%|HC|  |TAMS 0x00000000acf00000| PB 0x00000000acf00000| Complete 
| 656|0x00000000ad000000, 0x00000000ad100000, 0x00000000ad100000|100%|HC|  |TAMS 0x00000000ad000000| PB 0x00000000ad000000| Complete 
| 657|0x00000000ad100000, 0x00000000ad200000, 0x00000000ad200000|100%|HC|  |TAMS 0x00000000ad100000| PB 0x00000000ad100000| Complete 
| 658|0x00000000ad200000, 0x00000000ad300000, 0x00000000ad300000|100%|HC|  |TAMS 0x00000000ad200000| PB 0x00000000ad200000| Complete 
| 659|0x00000000ad300000, 0x00000000ad400000, 0x00000000ad400000|100%|HC|  |TAMS 0x00000000ad300000| PB 0x00000000ad300000| Complete 
| 660|0x00000000ad400000, 0x00000000ad500000, 0x00000000ad500000|100%|HS|  |TAMS 0x00000000ad400000| PB 0x00000000ad400000| Complete 
| 661|0x00000000ad500000, 0x00000000ad600000, 0x00000000ad600000|100%|HC|  |TAMS 0x00000000ad500000| PB 0x00000000ad500000| Complete 
| 662|0x00000000ad600000, 0x00000000ad700000, 0x00000000ad700000|100%|HC|  |TAMS 0x00000000ad600000| PB 0x00000000ad600000| Complete 
| 663|0x00000000ad700000, 0x00000000ad800000, 0x00000000ad800000|100%|HC|  |TAMS 0x00000000ad700000| PB 0x00000000ad700000| Complete 
| 664|0x00000000ad800000, 0x00000000ad900000, 0x00000000ad900000|100%|HC|  |TAMS 0x00000000ad800000| PB 0x00000000ad800000| Complete 
| 665|0x00000000ad900000, 0x00000000ada00000, 0x00000000ada00000|100%|HC|  |TAMS 0x00000000ad900000| PB 0x00000000ad900000| Complete 
| 666|0x00000000ada00000, 0x00000000adb00000, 0x00000000adb00000|100%|HS|  |TAMS 0x00000000ada00000| PB 0x00000000ada00000| Complete 
| 667|0x00000000adb00000, 0x00000000adc00000, 0x00000000adc00000|100%|HC|  |TAMS 0x00000000adb00000| PB 0x00000000adb00000| Complete 
| 668|0x00000000adc00000, 0x00000000add00000, 0x00000000add00000|100%|HC|  |TAMS 0x00000000adc00000| PB 0x00000000adc00000| Complete 
| 669|0x00000000add00000, 0x00000000ade00000, 0x00000000ade00000|100%|HC|  |TAMS 0x00000000add00000| PB 0x00000000add00000| Complete 
| 670|0x00000000ade00000, 0x00000000adf00000, 0x00000000adf00000|100%|HC|  |TAMS 0x00000000ade00000| PB 0x00000000ade00000| Complete 
| 671|0x00000000adf00000, 0x00000000ae000000, 0x00000000ae000000|100%|HS|  |TAMS 0x00000000adf00000| PB 0x00000000adf00000| Complete 
| 672|0x00000000ae000000, 0x00000000ae100000, 0x00000000ae100000|100%|HC|  |TAMS 0x00000000ae000000| PB 0x00000000ae000000| Complete 
| 673|0x00000000ae100000, 0x00000000ae200000, 0x00000000ae200000|100%|HC|  |TAMS 0x00000000ae100000| PB 0x00000000ae100000| Complete 
| 674|0x00000000ae200000, 0x00000000ae300000, 0x00000000ae300000|100%|HC|  |TAMS 0x00000000ae200000| PB 0x00000000ae200000| Complete 
| 675|0x00000000ae300000, 0x00000000ae400000, 0x00000000ae400000|100%|HC|  |TAMS 0x00000000ae300000| PB 0x00000000ae300000| Complete 
| 676|0x00000000ae400000, 0x00000000ae500000, 0x00000000ae500000|100%|HC|  |TAMS 0x00000000ae400000| PB 0x00000000ae400000| Complete 
| 677|0x00000000ae500000, 0x00000000ae600000, 0x00000000ae600000|100%|HC|  |TAMS 0x00000000ae500000| PB 0x00000000ae500000| Complete 
| 678|0x00000000ae600000, 0x00000000ae700000, 0x00000000ae700000|100%|HC|  |TAMS 0x00000000ae600000| PB 0x00000000ae600000| Complete 
| 679|0x00000000ae700000, 0x00000000ae800000, 0x00000000ae800000|100%|HC|  |TAMS 0x00000000ae700000| PB 0x00000000ae700000| Complete 
| 680|0x00000000ae800000, 0x00000000ae900000, 0x00000000ae900000|100%|HS|  |TAMS 0x00000000ae800000| PB 0x00000000ae800000| Complete 
| 681|0x00000000ae900000, 0x00000000aea00000, 0x00000000aea00000|100%|HC|  |TAMS 0x00000000ae900000| PB 0x00000000ae900000| Complete 
| 682|0x00000000aea00000, 0x00000000aeb00000, 0x00000000aeb00000|100%| E|CS|TAMS 0x00000000aea00000| PB 0x00000000aea00000| Complete 
| 683|0x00000000aeb00000, 0x00000000aeb88c68, 0x00000000aec00000| 53%| S|CS|TAMS 0x00000000aeb00000| PB 0x00000000aeb00000| Complete 
| 684|0x00000000aec00000, 0x00000000aed00000, 0x00000000aed00000|100%| S|CS|TAMS 0x00000000aec00000| PB 0x00000000aec00000| Complete 
| 685|0x00000000aed00000, 0x00000000aee00000, 0x00000000aee00000|100%| S|CS|TAMS 0x00000000aed00000| PB 0x00000000aed00000| Complete 
| 686|0x00000000aee00000, 0x00000000aef00000, 0x00000000aef00000|100%| S|CS|TAMS 0x00000000aee00000| PB 0x00000000aee00000| Complete 
| 687|0x00000000aef00000, 0x00000000af000000, 0x00000000af000000|100%| S|CS|TAMS 0x00000000aef00000| PB 0x00000000aef00000| Complete 
| 688|0x00000000af000000, 0x00000000af100000, 0x00000000af100000|100%| S|CS|TAMS 0x00000000af000000| PB 0x00000000af000000| Complete 
| 689|0x00000000af100000, 0x00000000af200000, 0x00000000af200000|100%| S|CS|TAMS 0x00000000af100000| PB 0x00000000af100000| Complete 
| 690|0x00000000af200000, 0x00000000af300000, 0x00000000af300000|100%| S|CS|TAMS 0x00000000af200000| PB 0x00000000af200000| Complete 
| 691|0x00000000af300000, 0x00000000af400000, 0x00000000af400000|100%| S|CS|TAMS 0x00000000af300000| PB 0x00000000af300000| Complete 
| 692|0x00000000af400000, 0x00000000af500000, 0x00000000af500000|100%| E|CS|TAMS 0x00000000af400000| PB 0x00000000af400000| Complete 
| 693|0x00000000af500000, 0x00000000af600000, 0x00000000af600000|100%| E|CS|TAMS 0x00000000af500000| PB 0x00000000af500000| Complete 
| 694|0x00000000af600000, 0x00000000af700000, 0x00000000af700000|100%| E|CS|TAMS 0x00000000af600000| PB 0x00000000af600000| Complete 
| 695|0x00000000af700000, 0x00000000af800000, 0x00000000af800000|100%|HS|  |TAMS 0x00000000af700000| PB 0x00000000af700000| Complete 
| 696|0x00000000af800000, 0x00000000af900000, 0x00000000af900000|100%|HC|  |TAMS 0x00000000af800000| PB 0x00000000af800000| Complete 
| 697|0x00000000af900000, 0x00000000afa00000, 0x00000000afa00000|100%|HC|  |TAMS 0x00000000af900000| PB 0x00000000af900000| Complete 
| 698|0x00000000afa00000, 0x00000000afb00000, 0x00000000afb00000|100%|HC|  |TAMS 0x00000000afa00000| PB 0x00000000afa00000| Complete 
| 699|0x00000000afb00000, 0x00000000afc00000, 0x00000000afc00000|100%|HC|  |TAMS 0x00000000afb00000| PB 0x00000000afb00000| Complete 
| 700|0x00000000afc00000, 0x00000000afd00000, 0x00000000afd00000|100%|HC|  |TAMS 0x00000000afc00000| PB 0x00000000afc00000| Complete 
| 701|0x00000000afd00000, 0x00000000afe00000, 0x00000000afe00000|100%|HC|  |TAMS 0x00000000afd00000| PB 0x00000000afd00000| Complete 
| 702|0x00000000afe00000, 0x00000000aff00000, 0x00000000aff00000|100%|HC|  |TAMS 0x00000000afe00000| PB 0x00000000afe00000| Complete 
| 703|0x00000000aff00000, 0x00000000b0000000, 0x00000000b0000000|100%|HC|  |TAMS 0x00000000aff00000| PB 0x00000000aff00000| Complete 
| 704|0x00000000b0000000, 0x00000000b0100000, 0x00000000b0100000|100%|HC|  |TAMS 0x00000000b0000000| PB 0x00000000b0000000| Complete 
| 705|0x00000000b0100000, 0x00000000b0200000, 0x00000000b0200000|100%|HS|  |TAMS 0x00000000b0100000| PB 0x00000000b0100000| Complete 
| 706|0x00000000b0200000, 0x00000000b0300000, 0x00000000b0300000|100%|HC|  |TAMS 0x00000000b0200000| PB 0x00000000b0200000| Complete 
| 707|0x00000000b0300000, 0x00000000b0400000, 0x00000000b0400000|100%|HC|  |TAMS 0x00000000b0300000| PB 0x00000000b0300000| Complete 
| 708|0x00000000b0400000, 0x00000000b0500000, 0x00000000b0500000|100%|HC|  |TAMS 0x00000000b0400000| PB 0x00000000b0400000| Complete 
| 709|0x00000000b0500000, 0x00000000b0600000, 0x00000000b0600000|100%|HC|  |TAMS 0x00000000b0500000| PB 0x00000000b0500000| Complete 
| 710|0x00000000b0600000, 0x00000000b0700000, 0x00000000b0700000|100%| E|CS|TAMS 0x00000000b0600000| PB 0x00000000b0600000| Complete 
| 711|0x00000000b0700000, 0x00000000b0800000, 0x00000000b0800000|100%| E|CS|TAMS 0x00000000b0700000| PB 0x00000000b0700000| Complete 
| 712|0x00000000b0800000, 0x00000000b0900000, 0x00000000b0900000|100%| E|CS|TAMS 0x00000000b0800000| PB 0x00000000b0800000| Complete 
| 713|0x00000000b0900000, 0x00000000b0a00000, 0x00000000b0a00000|100%| E|CS|TAMS 0x00000000b0900000| PB 0x00000000b0900000| Complete 
| 714|0x00000000b0a00000, 0x00000000b0b00000, 0x00000000b0b00000|100%| E|CS|TAMS 0x00000000b0a00000| PB 0x00000000b0a00000| Complete 
| 715|0x00000000b0b00000, 0x00000000b0c00000, 0x00000000b0c00000|100%| E|CS|TAMS 0x00000000b0b00000| PB 0x00000000b0b00000| Complete 
| 716|0x00000000b0c00000, 0x00000000b0d00000, 0x00000000b0d00000|100%| E|CS|TAMS 0x00000000b0c00000| PB 0x00000000b0c00000| Complete 
| 717|0x00000000b0d00000, 0x00000000b0e00000, 0x00000000b0e00000|100%| E|CS|TAMS 0x00000000b0d00000| PB 0x00000000b0d00000| Complete 
| 718|0x00000000b0e00000, 0x00000000b0f00000, 0x00000000b0f00000|100%|HS|  |TAMS 0x00000000b0e00000| PB 0x00000000b0e00000| Complete 
| 719|0x00000000b0f00000, 0x00000000b1000000, 0x00000000b1000000|100%|HC|  |TAMS 0x00000000b0f00000| PB 0x00000000b0f00000| Complete 
| 720|0x00000000b1000000, 0x00000000b1100000, 0x00000000b1100000|100%|HC|  |TAMS 0x00000000b1000000| PB 0x00000000b1000000| Complete 
| 721|0x00000000b1100000, 0x00000000b1200000, 0x00000000b1200000|100%|HC|  |TAMS 0x00000000b1100000| PB 0x00000000b1100000| Complete 
| 722|0x00000000b1200000, 0x00000000b1300000, 0x00000000b1300000|100%|HC|  |TAMS 0x00000000b1200000| PB 0x00000000b1200000| Complete 
| 723|0x00000000b1300000, 0x00000000b1400000, 0x00000000b1400000|100%|HC|  |TAMS 0x00000000b1300000| PB 0x00000000b1300000| Complete 
| 724|0x00000000b1400000, 0x00000000b1500000, 0x00000000b1500000|100%|HC|  |TAMS 0x00000000b1400000| PB 0x00000000b1400000| Complete 
| 725|0x00000000b1500000, 0x00000000b1600000, 0x00000000b1600000|100%|HC|  |TAMS 0x00000000b1500000| PB 0x00000000b1500000| Complete 
| 726|0x00000000b1600000, 0x00000000b1700000, 0x00000000b1700000|100%|HC|  |TAMS 0x00000000b1600000| PB 0x00000000b1600000| Complete 
| 727|0x00000000b1700000, 0x00000000b1800000, 0x00000000b1800000|100%|HC|  |TAMS 0x00000000b1700000| PB 0x00000000b1700000| Complete 
| 728|0x00000000b1800000, 0x00000000b1900000, 0x00000000b1900000|100%|HC|  |TAMS 0x00000000b1800000| PB 0x00000000b1800000| Complete 
| 729|0x00000000b1900000, 0x00000000b1a00000, 0x00000000b1a00000|100%|HC|  |TAMS 0x00000000b1900000| PB 0x00000000b1900000| Complete 
| 730|0x00000000b1a00000, 0x00000000b1b00000, 0x00000000b1b00000|100%|HC|  |TAMS 0x00000000b1a00000| PB 0x00000000b1a00000| Complete 
| 731|0x00000000b1b00000, 0x00000000b1c00000, 0x00000000b1c00000|100%|HC|  |TAMS 0x00000000b1b00000| PB 0x00000000b1b00000| Complete 
| 732|0x00000000b1c00000, 0x00000000b1d00000, 0x00000000b1d00000|100%|HC|  |TAMS 0x00000000b1c00000| PB 0x00000000b1c00000| Complete 
| 733|0x00000000b1d00000, 0x00000000b1e00000, 0x00000000b1e00000|100%|HC|  |TAMS 0x00000000b1d00000| PB 0x00000000b1d00000| Complete 
| 734|0x00000000b1e00000, 0x00000000b1f00000, 0x00000000b1f00000|100%|HC|  |TAMS 0x00000000b1e00000| PB 0x00000000b1e00000| Complete 
| 735|0x00000000b1f00000, 0x00000000b2000000, 0x00000000b2000000|100%|HS|  |TAMS 0x00000000b1f00000| PB 0x00000000b1f00000| Complete 
| 736|0x00000000b2000000, 0x00000000b2100000, 0x00000000b2100000|100%|HC|  |TAMS 0x00000000b2000000| PB 0x00000000b2000000| Complete 
| 737|0x00000000b2100000, 0x00000000b2200000, 0x00000000b2200000|100%|HC|  |TAMS 0x00000000b2100000| PB 0x00000000b2100000| Complete 
| 738|0x00000000b2200000, 0x00000000b2300000, 0x00000000b2300000|100%|HC|  |TAMS 0x00000000b2200000| PB 0x00000000b2200000| Complete 
| 739|0x00000000b2300000, 0x00000000b2400000, 0x00000000b2400000|100%|HC|  |TAMS 0x00000000b2300000| PB 0x00000000b2300000| Complete 
| 740|0x00000000b2400000, 0x00000000b2500000, 0x00000000b2500000|100%|HC|  |TAMS 0x00000000b2400000| PB 0x00000000b2400000| Complete 
| 741|0x00000000b2500000, 0x00000000b2600000, 0x00000000b2600000|100%|HC|  |TAMS 0x00000000b2500000| PB 0x00000000b2500000| Complete 
| 742|0x00000000b2600000, 0x00000000b2700000, 0x00000000b2700000|100%|HC|  |TAMS 0x00000000b2600000| PB 0x00000000b2600000| Complete 
| 743|0x00000000b2700000, 0x00000000b2800000, 0x00000000b2800000|100%|HC|  |TAMS 0x00000000b2700000| PB 0x00000000b2700000| Complete 
| 744|0x00000000b2800000, 0x00000000b2900000, 0x00000000b2900000|100%|HC|  |TAMS 0x00000000b2800000| PB 0x00000000b2800000| Complete 
| 745|0x00000000b2900000, 0x00000000b2a00000, 0x00000000b2a00000|100%|HC|  |TAMS 0x00000000b2900000| PB 0x00000000b2900000| Complete 
| 746|0x00000000b2a00000, 0x00000000b2b00000, 0x00000000b2b00000|100%|HS|  |TAMS 0x00000000b2a00000| PB 0x00000000b2a00000| Complete 
| 747|0x00000000b2b00000, 0x00000000b2c00000, 0x00000000b2c00000|100%|HC|  |TAMS 0x00000000b2b00000| PB 0x00000000b2b00000| Complete 
| 748|0x00000000b2c00000, 0x00000000b2d00000, 0x00000000b2d00000|100%|HC|  |TAMS 0x00000000b2c00000| PB 0x00000000b2c00000| Complete 
| 749|0x00000000b2d00000, 0x00000000b2e00000, 0x00000000b2e00000|100%|HC|  |TAMS 0x00000000b2d00000| PB 0x00000000b2d00000| Complete 
| 750|0x00000000b2e00000, 0x00000000b2f00000, 0x00000000b2f00000|100%|HC|  |TAMS 0x00000000b2e00000| PB 0x00000000b2e00000| Complete 
| 751|0x00000000b2f00000, 0x00000000b3000000, 0x00000000b3000000|100%|HC|  |TAMS 0x00000000b2f00000| PB 0x00000000b2f00000| Complete 
| 752|0x00000000b3000000, 0x00000000b3100000, 0x00000000b3100000|100%|HS|  |TAMS 0x00000000b3000000| PB 0x00000000b3000000| Complete 
| 753|0x00000000b3100000, 0x00000000b3200000, 0x00000000b3200000|100%|HC|  |TAMS 0x00000000b3100000| PB 0x00000000b3100000| Complete 
| 754|0x00000000b3200000, 0x00000000b3300000, 0x00000000b3300000|100%|HC|  |TAMS 0x00000000b3200000| PB 0x00000000b3200000| Complete 
| 755|0x00000000b3300000, 0x00000000b3400000, 0x00000000b3400000|100%|HS|  |TAMS 0x00000000b3300000| PB 0x00000000b3300000| Complete 
| 756|0x00000000b3400000, 0x00000000b3500000, 0x00000000b3500000|100%|HC|  |TAMS 0x00000000b3400000| PB 0x00000000b3400000| Complete 
| 757|0x00000000b3500000, 0x00000000b3600000, 0x00000000b3600000|100%|HC|  |TAMS 0x00000000b3500000| PB 0x00000000b3500000| Complete 
| 758|0x00000000b3600000, 0x00000000b3700000, 0x00000000b3700000|100%|HC|  |TAMS 0x00000000b3600000| PB 0x00000000b3600000| Complete 
| 759|0x00000000b3700000, 0x00000000b3800000, 0x00000000b3800000|100%|HC|  |TAMS 0x00000000b3700000| PB 0x00000000b3700000| Complete 
| 760|0x00000000b3800000, 0x00000000b3900000, 0x00000000b3900000|100%|HS|  |TAMS 0x00000000b3800000| PB 0x00000000b3800000| Complete 
| 761|0x00000000b3900000, 0x00000000b3a00000, 0x00000000b3a00000|100%|HC|  |TAMS 0x00000000b3900000| PB 0x00000000b3900000| Complete 
| 762|0x00000000b3a00000, 0x00000000b3b00000, 0x00000000b3b00000|100%|HC|  |TAMS 0x00000000b3a00000| PB 0x00000000b3a00000| Complete 
| 763|0x00000000b3b00000, 0x00000000b3c00000, 0x00000000b3c00000|100%|HC|  |TAMS 0x00000000b3b00000| PB 0x00000000b3b00000| Complete 
| 764|0x00000000b3c00000, 0x00000000b3d00000, 0x00000000b3d00000|100%|HC|  |TAMS 0x00000000b3c00000| PB 0x00000000b3c00000| Complete 
| 765|0x00000000b3d00000, 0x00000000b3e00000, 0x00000000b3e00000|100%|HC|  |TAMS 0x00000000b3d00000| PB 0x00000000b3d00000| Complete 
| 766|0x00000000b3e00000, 0x00000000b3f00000, 0x00000000b3f00000|100%|HC|  |TAMS 0x00000000b3e00000| PB 0x00000000b3e00000| Complete 
| 767|0x00000000b3f00000, 0x00000000b4000000, 0x00000000b4000000|100%|HC|  |TAMS 0x00000000b3f00000| PB 0x00000000b3f00000| Complete 
| 768|0x00000000b4000000, 0x00000000b4100000, 0x00000000b4100000|100%|HC|  |TAMS 0x00000000b4000000| PB 0x00000000b4000000| Complete 
| 769|0x00000000b4100000, 0x00000000b4200000, 0x00000000b4200000|100%|HS|  |TAMS 0x00000000b4100000| PB 0x00000000b4100000| Complete 
| 770|0x00000000b4200000, 0x00000000b4300000, 0x00000000b4300000|100%|HC|  |TAMS 0x00000000b4200000| PB 0x00000000b4200000| Complete 
| 771|0x00000000b4300000, 0x00000000b4400000, 0x00000000b4400000|100%|HC|  |TAMS 0x00000000b4300000| PB 0x00000000b4300000| Complete 
| 772|0x00000000b4400000, 0x00000000b4500000, 0x00000000b4500000|100%|HC|  |TAMS 0x00000000b4400000| PB 0x00000000b4400000| Complete 
| 773|0x00000000b4500000, 0x00000000b4600000, 0x00000000b4600000|100%|HC|  |TAMS 0x00000000b4500000| PB 0x00000000b4500000| Complete 
| 774|0x00000000b4600000, 0x00000000b4700000, 0x00000000b4700000|100%|HC|  |TAMS 0x00000000b4600000| PB 0x00000000b4600000| Complete 
| 775|0x00000000b4700000, 0x00000000b4800000, 0x00000000b4800000|100%|HS|  |TAMS 0x00000000b4700000| PB 0x00000000b4700000| Complete 
| 776|0x00000000b4800000, 0x00000000b4900000, 0x00000000b4900000|100%|HC|  |TAMS 0x00000000b4800000| PB 0x00000000b4800000| Complete 
| 777|0x00000000b4900000, 0x00000000b4a00000, 0x00000000b4a00000|100%|HC|  |TAMS 0x00000000b4900000| PB 0x00000000b4900000| Complete 
| 778|0x00000000b4a00000, 0x00000000b4b00000, 0x00000000b4b00000|100%|HC|  |TAMS 0x00000000b4a00000| PB 0x00000000b4a00000| Complete 
| 779|0x00000000b4b00000, 0x00000000b4c00000, 0x00000000b4c00000|100%|HC|  |TAMS 0x00000000b4b00000| PB 0x00000000b4b00000| Complete 
| 780|0x00000000b4c00000, 0x00000000b4d00000, 0x00000000b4d00000|100%|HC|  |TAMS 0x00000000b4c00000| PB 0x00000000b4c00000| Complete 
| 781|0x00000000b4d00000, 0x00000000b4e00000, 0x00000000b4e00000|100%|HS|  |TAMS 0x00000000b4d00000| PB 0x00000000b4d00000| Complete 
| 782|0x00000000b4e00000, 0x00000000b4f00000, 0x00000000b4f00000|100%|HC|  |TAMS 0x00000000b4e00000| PB 0x00000000b4e00000| Complete 
| 783|0x00000000b4f00000, 0x00000000b5000000, 0x00000000b5000000|100%|HS|  |TAMS 0x00000000b4f00000| PB 0x00000000b4f00000| Complete 
| 784|0x00000000b5000000, 0x00000000b5100000, 0x00000000b5100000|100%|HC|  |TAMS 0x00000000b5000000| PB 0x00000000b5000000| Complete 
| 785|0x00000000b5100000, 0x00000000b5200000, 0x00000000b5200000|100%|HC|  |TAMS 0x00000000b5100000| PB 0x00000000b5100000| Complete 
| 786|0x00000000b5200000, 0x00000000b5300000, 0x00000000b5300000|100%|HS|  |TAMS 0x00000000b5200000| PB 0x00000000b5200000| Complete 
| 787|0x00000000b5300000, 0x00000000b5400000, 0x00000000b5400000|100%|HC|  |TAMS 0x00000000b5300000| PB 0x00000000b5300000| Complete 
| 788|0x00000000b5400000, 0x00000000b5500000, 0x00000000b5500000|100%|HC|  |TAMS 0x00000000b5400000| PB 0x00000000b5400000| Complete 
| 789|0x00000000b5500000, 0x00000000b5600000, 0x00000000b5600000|100%|HC|  |TAMS 0x00000000b5500000| PB 0x00000000b5500000| Complete 
| 790|0x00000000b5600000, 0x00000000b5700000, 0x00000000b5700000|100%|HC|  |TAMS 0x00000000b5600000| PB 0x00000000b5600000| Complete 
| 791|0x00000000b5700000, 0x00000000b5800000, 0x00000000b5800000|100%|HS|  |TAMS 0x00000000b5700000| PB 0x00000000b5700000| Complete 
| 792|0x00000000b5800000, 0x00000000b5900000, 0x00000000b5900000|100%|HC|  |TAMS 0x00000000b5800000| PB 0x00000000b5800000| Complete 
| 793|0x00000000b5900000, 0x00000000b5a00000, 0x00000000b5a00000|100%|HC|  |TAMS 0x00000000b5900000| PB 0x00000000b5900000| Complete 
| 794|0x00000000b5a00000, 0x00000000b5b00000, 0x00000000b5b00000|100%|HC|  |TAMS 0x00000000b5a00000| PB 0x00000000b5a00000| Complete 
| 795|0x00000000b5b00000, 0x00000000b5c00000, 0x00000000b5c00000|100%|HC|  |TAMS 0x00000000b5b00000| PB 0x00000000b5b00000| Complete 
| 796|0x00000000b5c00000, 0x00000000b5d00000, 0x00000000b5d00000|100%|HC|  |TAMS 0x00000000b5c00000| PB 0x00000000b5c00000| Complete 
| 797|0x00000000b5d00000, 0x00000000b5e00000, 0x00000000b5e00000|100%|HC|  |TAMS 0x00000000b5d00000| PB 0x00000000b5d00000| Complete 
| 798|0x00000000b5e00000, 0x00000000b5f00000, 0x00000000b5f00000|100%|HC|  |TAMS 0x00000000b5e00000| PB 0x00000000b5e00000| Complete 
| 799|0x00000000b5f00000, 0x00000000b6000000, 0x00000000b6000000|100%|HC|  |TAMS 0x00000000b5f00000| PB 0x00000000b5f00000| Complete 
| 800|0x00000000b6000000, 0x00000000b6100000, 0x00000000b6100000|100%|HS|  |TAMS 0x00000000b6000000| PB 0x00000000b6000000| Complete 
| 801|0x00000000b6100000, 0x00000000b6200000, 0x00000000b6200000|100%|HC|  |TAMS 0x00000000b6100000| PB 0x00000000b6100000| Complete 
| 802|0x00000000b6200000, 0x00000000b6300000, 0x00000000b6300000|100%|HC|  |TAMS 0x00000000b6200000| PB 0x00000000b6200000| Complete 
| 803|0x00000000b6300000, 0x00000000b6400000, 0x00000000b6400000|100%|HC|  |TAMS 0x00000000b6300000| PB 0x00000000b6300000| Complete 
| 804|0x00000000b6400000, 0x00000000b6500000, 0x00000000b6500000|100%|HC|  |TAMS 0x00000000b6400000| PB 0x00000000b6400000| Complete 
| 805|0x00000000b6500000, 0x00000000b6600000, 0x00000000b6600000|100%|HC|  |TAMS 0x00000000b6500000| PB 0x00000000b6500000| Complete 
| 806|0x00000000b6600000, 0x00000000b6700000, 0x00000000b6700000|100%|HS|  |TAMS 0x00000000b6600000| PB 0x00000000b6600000| Complete 
| 807|0x00000000b6700000, 0x00000000b6800000, 0x00000000b6800000|100%|HC|  |TAMS 0x00000000b6700000| PB 0x00000000b6700000| Complete 
| 808|0x00000000b6800000, 0x00000000b6900000, 0x00000000b6900000|100%|HC|  |TAMS 0x00000000b6800000| PB 0x00000000b6800000| Complete 
| 809|0x00000000b6900000, 0x00000000b6a00000, 0x00000000b6a00000|100%|HC|  |TAMS 0x00000000b6900000| PB 0x00000000b6900000| Complete 
| 810|0x00000000b6a00000, 0x00000000b6b00000, 0x00000000b6b00000|100%|HC|  |TAMS 0x00000000b6a00000| PB 0x00000000b6a00000| Complete 
| 811|0x00000000b6b00000, 0x00000000b6c00000, 0x00000000b6c00000|100%|HS|  |TAMS 0x00000000b6b00000| PB 0x00000000b6b00000| Complete 
| 812|0x00000000b6c00000, 0x00000000b6d00000, 0x00000000b6d00000|100%|HC|  |TAMS 0x00000000b6c00000| PB 0x00000000b6c00000| Complete 
| 813|0x00000000b6d00000, 0x00000000b6e00000, 0x00000000b6e00000|100%|HS|  |TAMS 0x00000000b6d00000| PB 0x00000000b6d00000| Complete 
| 814|0x00000000b6e00000, 0x00000000b6f00000, 0x00000000b6f00000|100%|HC|  |TAMS 0x00000000b6e00000| PB 0x00000000b6e00000| Complete 
| 815|0x00000000b6f00000, 0x00000000b7000000, 0x00000000b7000000|100%|HC|  |TAMS 0x00000000b6f00000| PB 0x00000000b6f00000| Complete 
| 816|0x00000000b7000000, 0x00000000b7100000, 0x00000000b7100000|100%|HS|  |TAMS 0x00000000b7000000| PB 0x00000000b7000000| Complete 
| 817|0x00000000b7100000, 0x00000000b7200000, 0x00000000b7200000|100%|HC|  |TAMS 0x00000000b7100000| PB 0x00000000b7100000| Complete 
| 818|0x00000000b7200000, 0x00000000b7300000, 0x00000000b7300000|100%|HC|  |TAMS 0x00000000b7200000| PB 0x00000000b7200000| Complete 
| 819|0x00000000b7300000, 0x00000000b7400000, 0x00000000b7400000|100%|HC|  |TAMS 0x00000000b7300000| PB 0x00000000b7300000| Complete 
| 820|0x00000000b7400000, 0x00000000b7500000, 0x00000000b7500000|100%|HC|  |TAMS 0x00000000b7400000| PB 0x00000000b7400000| Complete 
| 821|0x00000000b7500000, 0x00000000b7600000, 0x00000000b7600000|100%|HS|  |TAMS 0x00000000b7500000| PB 0x00000000b7500000| Complete 
| 822|0x00000000b7600000, 0x00000000b7700000, 0x00000000b7700000|100%|HC|  |TAMS 0x00000000b7600000| PB 0x00000000b7600000| Complete 
| 823|0x00000000b7700000, 0x00000000b7800000, 0x00000000b7800000|100%|HC|  |TAMS 0x00000000b7700000| PB 0x00000000b7700000| Complete 
| 824|0x00000000b7800000, 0x00000000b7900000, 0x00000000b7900000|100%|HC|  |TAMS 0x00000000b7800000| PB 0x00000000b7800000| Complete 
| 825|0x00000000b7900000, 0x00000000b7a00000, 0x00000000b7a00000|100%|HC|  |TAMS 0x00000000b7900000| PB 0x00000000b7900000| Complete 
| 826|0x00000000b7a00000, 0x00000000b7b00000, 0x00000000b7b00000|100%|HC|  |TAMS 0x00000000b7a00000| PB 0x00000000b7a00000| Complete 
| 827|0x00000000b7b00000, 0x00000000b7c00000, 0x00000000b7c00000|100%|HC|  |TAMS 0x00000000b7b00000| PB 0x00000000b7b00000| Complete 
| 828|0x00000000b7c00000, 0x00000000b7d00000, 0x00000000b7d00000|100%|HC|  |TAMS 0x00000000b7c00000| PB 0x00000000b7c00000| Complete 
| 829|0x00000000b7d00000, 0x00000000b7e00000, 0x00000000b7e00000|100%|HC|  |TAMS 0x00000000b7d00000| PB 0x00000000b7d00000| Complete 
| 830|0x00000000b7e00000, 0x00000000b7f00000, 0x00000000b7f00000|100%|HS|  |TAMS 0x00000000b7e00000| PB 0x00000000b7e00000| Complete 
| 831|0x00000000b7f00000, 0x00000000b8000000, 0x00000000b8000000|100%|HC|  |TAMS 0x00000000b7f00000| PB 0x00000000b7f00000| Complete 
| 832|0x00000000b8000000, 0x00000000b8100000, 0x00000000b8100000|100%|HC|  |TAMS 0x00000000b8000000| PB 0x00000000b8000000| Complete 
| 833|0x00000000b8100000, 0x00000000b8200000, 0x00000000b8200000|100%|HC|  |TAMS 0x00000000b8100000| PB 0x00000000b8100000| Complete 
| 834|0x00000000b8200000, 0x00000000b8300000, 0x00000000b8300000|100%|HC|  |TAMS 0x00000000b8200000| PB 0x00000000b8200000| Complete 
| 835|0x00000000b8300000, 0x00000000b8400000, 0x00000000b8400000|100%|HS|  |TAMS 0x00000000b8300000| PB 0x00000000b8300000| Complete 
| 836|0x00000000b8400000, 0x00000000b8500000, 0x00000000b8500000|100%|HC|  |TAMS 0x00000000b8400000| PB 0x00000000b8400000| Complete 
| 837|0x00000000b8500000, 0x00000000b8600000, 0x00000000b8600000|100%|HC|  |TAMS 0x00000000b8500000| PB 0x00000000b8500000| Complete 
| 838|0x00000000b8600000, 0x00000000b8700000, 0x00000000b8700000|100%|HC|  |TAMS 0x00000000b8600000| PB 0x00000000b8600000| Complete 
| 839|0x00000000b8700000, 0x00000000b8800000, 0x00000000b8800000|100%|HC|  |TAMS 0x00000000b8700000| PB 0x00000000b8700000| Complete 
| 840|0x00000000b8800000, 0x00000000b8900000, 0x00000000b8900000|100%|HC|  |TAMS 0x00000000b8800000| PB 0x00000000b8800000| Complete 
| 841|0x00000000b8900000, 0x00000000b8a00000, 0x00000000b8a00000|100%|HC|  |TAMS 0x00000000b8900000| PB 0x00000000b8900000| Complete 
| 842|0x00000000b8a00000, 0x00000000b8b00000, 0x00000000b8b00000|100%|HC|  |TAMS 0x00000000b8a00000| PB 0x00000000b8a00000| Complete 
| 843|0x00000000b8b00000, 0x00000000b8c00000, 0x00000000b8c00000|100%|HC|  |TAMS 0x00000000b8b00000| PB 0x00000000b8b00000| Complete 
| 844|0x00000000b8c00000, 0x00000000b8d00000, 0x00000000b8d00000|100%|HC|  |TAMS 0x00000000b8c00000| PB 0x00000000b8c00000| Complete 
| 845|0x00000000b8d00000, 0x00000000b8e00000, 0x00000000b8e00000|100%|HS|  |TAMS 0x00000000b8d00000| PB 0x00000000b8d00000| Complete 
| 846|0x00000000b8e00000, 0x00000000b8f00000, 0x00000000b8f00000|100%|HC|  |TAMS 0x00000000b8e00000| PB 0x00000000b8e00000| Complete 
| 847|0x00000000b8f00000, 0x00000000b9000000, 0x00000000b9000000|100%|HS|  |TAMS 0x00000000b8f00000| PB 0x00000000b8f00000| Complete 
| 848|0x00000000b9000000, 0x00000000b9100000, 0x00000000b9100000|100%|HC|  |TAMS 0x00000000b9000000| PB 0x00000000b9000000| Complete 
| 849|0x00000000b9100000, 0x00000000b9200000, 0x00000000b9200000|100%|HC|  |TAMS 0x00000000b9100000| PB 0x00000000b9100000| Complete 
| 850|0x00000000b9200000, 0x00000000b9300000, 0x00000000b9300000|100%|HS|  |TAMS 0x00000000b9200000| PB 0x00000000b9200000| Complete 
| 851|0x00000000b9300000, 0x00000000b9400000, 0x00000000b9400000|100%|HC|  |TAMS 0x00000000b9300000| PB 0x00000000b9300000| Complete 
| 852|0x00000000b9400000, 0x00000000b9500000, 0x00000000b9500000|100%|HC|  |TAMS 0x00000000b9400000| PB 0x00000000b9400000| Complete 
| 853|0x00000000b9500000, 0x00000000b9600000, 0x00000000b9600000|100%|HC|  |TAMS 0x00000000b9500000| PB 0x00000000b9500000| Complete 
| 854|0x00000000b9600000, 0x00000000b9700000, 0x00000000b9700000|100%|HC|  |TAMS 0x00000000b9600000| PB 0x00000000b9600000| Complete 
| 855|0x00000000b9700000, 0x00000000b9800000, 0x00000000b9800000|100%|HS|  |TAMS 0x00000000b9700000| PB 0x00000000b9700000| Complete 
| 856|0x00000000b9800000, 0x00000000b9900000, 0x00000000b9900000|100%|HC|  |TAMS 0x00000000b9800000| PB 0x00000000b9800000| Complete 
| 857|0x00000000b9900000, 0x00000000b9a00000, 0x00000000b9a00000|100%|HC|  |TAMS 0x00000000b9900000| PB 0x00000000b9900000| Complete 
| 858|0x00000000b9a00000, 0x00000000b9b00000, 0x00000000b9b00000|100%|HC|  |TAMS 0x00000000b9a00000| PB 0x00000000b9a00000| Complete 
| 859|0x00000000b9b00000, 0x00000000b9c00000, 0x00000000b9c00000|100%|HC|  |TAMS 0x00000000b9b00000| PB 0x00000000b9b00000| Complete 
| 860|0x00000000b9c00000, 0x00000000b9d00000, 0x00000000b9d00000|100%|HC|  |TAMS 0x00000000b9c00000| PB 0x00000000b9c00000| Complete 
| 861|0x00000000b9d00000, 0x00000000b9e00000, 0x00000000b9e00000|100%|HC|  |TAMS 0x00000000b9d00000| PB 0x00000000b9d00000| Complete 
| 862|0x00000000b9e00000, 0x00000000b9f00000, 0x00000000b9f00000|100%|HC|  |TAMS 0x00000000b9e00000| PB 0x00000000b9e00000| Complete 
| 863|0x00000000b9f00000, 0x00000000ba000000, 0x00000000ba000000|100%|HC|  |TAMS 0x00000000b9f00000| PB 0x00000000b9f00000| Complete 
| 864|0x00000000ba000000, 0x00000000ba100000, 0x00000000ba100000|100%|HS|  |TAMS 0x00000000ba000000| PB 0x00000000ba000000| Complete 
| 865|0x00000000ba100000, 0x00000000ba200000, 0x00000000ba200000|100%|HC|  |TAMS 0x00000000ba100000| PB 0x00000000ba100000| Complete 
| 866|0x00000000ba200000, 0x00000000ba300000, 0x00000000ba300000|100%|HC|  |TAMS 0x00000000ba200000| PB 0x00000000ba200000| Complete 
| 867|0x00000000ba300000, 0x00000000ba400000, 0x00000000ba400000|100%|HC|  |TAMS 0x00000000ba300000| PB 0x00000000ba300000| Complete 
| 868|0x00000000ba400000, 0x00000000ba500000, 0x00000000ba500000|100%|HC|  |TAMS 0x00000000ba400000| PB 0x00000000ba400000| Complete 
| 869|0x00000000ba500000, 0x00000000ba600000, 0x00000000ba600000|100%|HC|  |TAMS 0x00000000ba500000| PB 0x00000000ba500000| Complete 
| 870|0x00000000ba600000, 0x00000000ba700000, 0x00000000ba700000|100%|HC|  |TAMS 0x00000000ba600000| PB 0x00000000ba600000| Complete 
| 871|0x00000000ba700000, 0x00000000ba800000, 0x00000000ba800000|100%|HC|  |TAMS 0x00000000ba700000| PB 0x00000000ba700000| Complete 
| 872|0x00000000ba800000, 0x00000000ba900000, 0x00000000ba900000|100%|HC|  |TAMS 0x00000000ba800000| PB 0x00000000ba800000| Complete 
| 873|0x00000000ba900000, 0x00000000baa00000, 0x00000000baa00000|100%|HC|  |TAMS 0x00000000ba900000| PB 0x00000000ba900000| Complete 
| 874|0x00000000baa00000, 0x00000000bab00000, 0x00000000bab00000|100%|HC|  |TAMS 0x00000000baa00000| PB 0x00000000baa00000| Complete 
| 875|0x00000000bab00000, 0x00000000bac00000, 0x00000000bac00000|100%|HC|  |TAMS 0x00000000bab00000| PB 0x00000000bab00000| Complete 
| 876|0x00000000bac00000, 0x00000000bad00000, 0x00000000bad00000|100%|HC|  |TAMS 0x00000000bac00000| PB 0x00000000bac00000| Complete 
| 877|0x00000000bad00000, 0x00000000bae00000, 0x00000000bae00000|100%|HC|  |TAMS 0x00000000bad00000| PB 0x00000000bad00000| Complete 
| 878|0x00000000bae00000, 0x00000000baf00000, 0x00000000baf00000|100%|HC|  |TAMS 0x00000000bae00000| PB 0x00000000bae00000| Complete 
| 879|0x00000000baf00000, 0x00000000bb000000, 0x00000000bb000000|100%|HC|  |TAMS 0x00000000baf00000| PB 0x00000000baf00000| Complete 
| 880|0x00000000bb000000, 0x00000000bb100000, 0x00000000bb100000|100%|HC|  |TAMS 0x00000000bb000000| PB 0x00000000bb000000| Complete 
| 881|0x00000000bb100000, 0x00000000bb200000, 0x00000000bb200000|100%|HS|  |TAMS 0x00000000bb100000| PB 0x00000000bb100000| Complete 
| 882|0x00000000bb200000, 0x00000000bb300000, 0x00000000bb300000|100%|HC|  |TAMS 0x00000000bb200000| PB 0x00000000bb200000| Complete 
| 883|0x00000000bb300000, 0x00000000bb400000, 0x00000000bb400000|100%|HC|  |TAMS 0x00000000bb300000| PB 0x00000000bb300000| Complete 
| 884|0x00000000bb400000, 0x00000000bb500000, 0x00000000bb500000|100%|HC|  |TAMS 0x00000000bb400000| PB 0x00000000bb400000| Complete 
| 885|0x00000000bb500000, 0x00000000bb600000, 0x00000000bb600000|100%|HC|  |TAMS 0x00000000bb500000| PB 0x00000000bb500000| Complete 
| 886|0x00000000bb600000, 0x00000000bb700000, 0x00000000bb700000|100%|HC|  |TAMS 0x00000000bb600000| PB 0x00000000bb600000| Complete 
| 887|0x00000000bb700000, 0x00000000bb800000, 0x00000000bb800000|100%|HC|  |TAMS 0x00000000bb700000| PB 0x00000000bb700000| Complete 
| 888|0x00000000bb800000, 0x00000000bb900000, 0x00000000bb900000|100%|HC|  |TAMS 0x00000000bb800000| PB 0x00000000bb800000| Complete 
| 889|0x00000000bb900000, 0x00000000bba00000, 0x00000000bba00000|100%|HC|  |TAMS 0x00000000bb900000| PB 0x00000000bb900000| Complete 
| 890|0x00000000bba00000, 0x00000000bbb00000, 0x00000000bbb00000|100%|HC|  |TAMS 0x00000000bba00000| PB 0x00000000bba00000| Complete 
| 891|0x00000000bbb00000, 0x00000000bbc00000, 0x00000000bbc00000|100%|HS|  |TAMS 0x00000000bbb00000| PB 0x00000000bbb00000| Complete 
| 892|0x00000000bbc00000, 0x00000000bbd00000, 0x00000000bbd00000|100%|HC|  |TAMS 0x00000000bbc00000| PB 0x00000000bbc00000| Complete 
| 893|0x00000000bbd00000, 0x00000000bbe00000, 0x00000000bbe00000|100%|HC|  |TAMS 0x00000000bbd00000| PB 0x00000000bbd00000| Complete 
| 894|0x00000000bbe00000, 0x00000000bbf00000, 0x00000000bbf00000|100%|HC|  |TAMS 0x00000000bbe00000| PB 0x00000000bbe00000| Complete 
| 895|0x00000000bbf00000, 0x00000000bc000000, 0x00000000bc000000|100%|HC|  |TAMS 0x00000000bbf00000| PB 0x00000000bbf00000| Complete 
| 896|0x00000000bc000000, 0x00000000bc100000, 0x00000000bc100000|100%|HC|  |TAMS 0x00000000bc000000| PB 0x00000000bc000000| Complete 
| 897|0x00000000bc100000, 0x00000000bc200000, 0x00000000bc200000|100%|HC|  |TAMS 0x00000000bc100000| PB 0x00000000bc100000| Complete 
| 898|0x00000000bc200000, 0x00000000bc300000, 0x00000000bc300000|100%|HC|  |TAMS 0x00000000bc200000| PB 0x00000000bc200000| Complete 
| 899|0x00000000bc300000, 0x00000000bc400000, 0x00000000bc400000|100%|HC|  |TAMS 0x00000000bc300000| PB 0x00000000bc300000| Complete 
| 900|0x00000000bc400000, 0x00000000bc500000, 0x00000000bc500000|100%|HC|  |TAMS 0x00000000bc400000| PB 0x00000000bc400000| Complete 
| 901|0x00000000bc500000, 0x00000000bc600000, 0x00000000bc600000|100%|HS|  |TAMS 0x00000000bc500000| PB 0x00000000bc500000| Complete 
| 902|0x00000000bc600000, 0x00000000bc700000, 0x00000000bc700000|100%|HC|  |TAMS 0x00000000bc600000| PB 0x00000000bc600000| Complete 
| 903|0x00000000bc700000, 0x00000000bc800000, 0x00000000bc800000|100%|HS|  |TAMS 0x00000000bc700000| PB 0x00000000bc700000| Complete 
| 904|0x00000000bc800000, 0x00000000bc900000, 0x00000000bc900000|100%|HC|  |TAMS 0x00000000bc800000| PB 0x00000000bc800000| Complete 
| 905|0x00000000bc900000, 0x00000000bca00000, 0x00000000bca00000|100%|HC|  |TAMS 0x00000000bc900000| PB 0x00000000bc900000| Complete 
| 906|0x00000000bca00000, 0x00000000bcb00000, 0x00000000bcb00000|100%|HS|  |TAMS 0x00000000bca00000| PB 0x00000000bca00000| Complete 
| 907|0x00000000bcb00000, 0x00000000bcc00000, 0x00000000bcc00000|100%|HC|  |TAMS 0x00000000bcb00000| PB 0x00000000bcb00000| Complete 
| 908|0x00000000bcc00000, 0x00000000bcd00000, 0x00000000bcd00000|100%|HC|  |TAMS 0x00000000bcc00000| PB 0x00000000bcc00000| Complete 
| 909|0x00000000bcd00000, 0x00000000bce00000, 0x00000000bce00000|100%|HC|  |TAMS 0x00000000bcd00000| PB 0x00000000bcd00000| Complete 
| 910|0x00000000bce00000, 0x00000000bcf00000, 0x00000000bcf00000|100%|HC|  |TAMS 0x00000000bce00000| PB 0x00000000bce00000| Complete 
| 911|0x00000000bcf00000, 0x00000000bd000000, 0x00000000bd000000|100%|HS|  |TAMS 0x00000000bcf00000| PB 0x00000000bcf00000| Complete 
| 912|0x00000000bd000000, 0x00000000bd100000, 0x00000000bd100000|100%|HC|  |TAMS 0x00000000bd000000| PB 0x00000000bd000000| Complete 
| 913|0x00000000bd100000, 0x00000000bd200000, 0x00000000bd200000|100%|HC|  |TAMS 0x00000000bd100000| PB 0x00000000bd100000| Complete 
| 914|0x00000000bd200000, 0x00000000bd300000, 0x00000000bd300000|100%|HC|  |TAMS 0x00000000bd200000| PB 0x00000000bd200000| Complete 
| 915|0x00000000bd300000, 0x00000000bd400000, 0x00000000bd400000|100%|HC|  |TAMS 0x00000000bd300000| PB 0x00000000bd300000| Complete 
| 916|0x00000000bd400000, 0x00000000bd500000, 0x00000000bd500000|100%|HC|  |TAMS 0x00000000bd400000| PB 0x00000000bd400000| Complete 
| 917|0x00000000bd500000, 0x00000000bd600000, 0x00000000bd600000|100%|HC|  |TAMS 0x00000000bd500000| PB 0x00000000bd500000| Complete 
| 918|0x00000000bd600000, 0x00000000bd700000, 0x00000000bd700000|100%|HC|  |TAMS 0x00000000bd600000| PB 0x00000000bd600000| Complete 
| 919|0x00000000bd700000, 0x00000000bd800000, 0x00000000bd800000|100%|HC|  |TAMS 0x00000000bd700000| PB 0x00000000bd700000| Complete 
| 920|0x00000000bd800000, 0x00000000bd900000, 0x00000000bd900000|100%|HS|  |TAMS 0x00000000bd800000| PB 0x00000000bd800000| Complete 
| 921|0x00000000bd900000, 0x00000000bda00000, 0x00000000bda00000|100%|HC|  |TAMS 0x00000000bd900000| PB 0x00000000bd900000| Complete 
| 922|0x00000000bda00000, 0x00000000bdb00000, 0x00000000bdb00000|100%|HC|  |TAMS 0x00000000bda00000| PB 0x00000000bda00000| Complete 
| 923|0x00000000bdb00000, 0x00000000bdc00000, 0x00000000bdc00000|100%|HC|  |TAMS 0x00000000bdb00000| PB 0x00000000bdb00000| Complete 
| 924|0x00000000bdc00000, 0x00000000bdd00000, 0x00000000bdd00000|100%|HC|  |TAMS 0x00000000bdc00000| PB 0x00000000bdc00000| Complete 
| 925|0x00000000bdd00000, 0x00000000bde00000, 0x00000000bde00000|100%|HC|  |TAMS 0x00000000bdd00000| PB 0x00000000bdd00000| Complete 
| 926|0x00000000bde00000, 0x00000000bdf00000, 0x00000000bdf00000|100%|HC|  |TAMS 0x00000000bde00000| PB 0x00000000bde00000| Complete 
| 927|0x00000000bdf00000, 0x00000000be000000, 0x00000000be000000|100%|HC|  |TAMS 0x00000000bdf00000| PB 0x00000000bdf00000| Complete 
| 928|0x00000000be000000, 0x00000000be100000, 0x00000000be100000|100%|HC|  |TAMS 0x00000000be000000| PB 0x00000000be000000| Complete 
| 929|0x00000000be100000, 0x00000000be200000, 0x00000000be200000|100%|HC|  |TAMS 0x00000000be100000| PB 0x00000000be100000| Complete 
| 930|0x00000000be200000, 0x00000000be300000, 0x00000000be300000|100%|HC|  |TAMS 0x00000000be200000| PB 0x00000000be200000| Complete 
| 931|0x00000000be300000, 0x00000000be400000, 0x00000000be400000|100%|HC|  |TAMS 0x00000000be300000| PB 0x00000000be300000| Complete 
| 932|0x00000000be400000, 0x00000000be500000, 0x00000000be500000|100%|HC|  |TAMS 0x00000000be400000| PB 0x00000000be400000| Complete 
| 933|0x00000000be500000, 0x00000000be600000, 0x00000000be600000|100%|HC|  |TAMS 0x00000000be500000| PB 0x00000000be500000| Complete 
| 934|0x00000000be600000, 0x00000000be700000, 0x00000000be700000|100%|HC|  |TAMS 0x00000000be600000| PB 0x00000000be600000| Complete 
| 935|0x00000000be700000, 0x00000000be800000, 0x00000000be800000|100%|HC|  |TAMS 0x00000000be700000| PB 0x00000000be700000| Complete 
| 936|0x00000000be800000, 0x00000000be900000, 0x00000000be900000|100%|HC|  |TAMS 0x00000000be800000| PB 0x00000000be800000| Complete 
| 937|0x00000000be900000, 0x00000000bea00000, 0x00000000bea00000|100%|HS|  |TAMS 0x00000000be900000| PB 0x00000000be900000| Complete 
| 938|0x00000000bea00000, 0x00000000beb00000, 0x00000000beb00000|100%|HC|  |TAMS 0x00000000bea00000| PB 0x00000000bea00000| Complete 
| 939|0x00000000beb00000, 0x00000000bec00000, 0x00000000bec00000|100%|HC|  |TAMS 0x00000000beb00000| PB 0x00000000beb00000| Complete 
| 940|0x00000000bec00000, 0x00000000bed00000, 0x00000000bed00000|100%|HC|  |TAMS 0x00000000bec00000| PB 0x00000000bec00000| Complete 
| 941|0x00000000bed00000, 0x00000000bee00000, 0x00000000bee00000|100%|HC|  |TAMS 0x00000000bed00000| PB 0x00000000bed00000| Complete 
| 942|0x00000000bee00000, 0x00000000bef00000, 0x00000000bef00000|100%|HC|  |TAMS 0x00000000bee00000| PB 0x00000000bee00000| Complete 
| 943|0x00000000bef00000, 0x00000000bf000000, 0x00000000bf000000|100%|HC|  |TAMS 0x00000000bef00000| PB 0x00000000bef00000| Complete 
| 944|0x00000000bf000000, 0x00000000bf100000, 0x00000000bf100000|100%|HC|  |TAMS 0x00000000bf000000| PB 0x00000000bf000000| Complete 
| 945|0x00000000bf100000, 0x00000000bf200000, 0x00000000bf200000|100%|HC|  |TAMS 0x00000000bf100000| PB 0x00000000bf100000| Complete 
| 946|0x00000000bf200000, 0x00000000bf300000, 0x00000000bf300000|100%|HC|  |TAMS 0x00000000bf200000| PB 0x00000000bf200000| Complete 
| 947|0x00000000bf300000, 0x00000000bf300000, 0x00000000bf400000|  0%| F|  |TAMS 0x00000000bf300000| PB 0x00000000bf300000| Untracked 
| 948|0x00000000bf400000, 0x00000000bf400000, 0x00000000bf500000|  0%| F|  |TAMS 0x00000000bf400000| PB 0x00000000bf400000| Untracked 
|1969|0x00000000ff100000, 0x00000000ff12c118, 0x00000000ff200000| 17%| O|  |TAMS 0x00000000ff100000| PB 0x00000000ff100000| Untracked 
|1970|0x00000000ff200000, 0x00000000ff300000, 0x00000000ff300000|100%| O|  |TAMS 0x00000000ff200000| PB 0x00000000ff200000| Untracked 
|1971|0x00000000ff300000, 0x00000000ff400000, 0x00000000ff400000|100%| O|  |TAMS 0x00000000ff300000| PB 0x00000000ff300000| Untracked 
|1972|0x00000000ff400000, 0x00000000ff500000, 0x00000000ff500000|100%| O|  |TAMS 0x00000000ff400000| PB 0x00000000ff400000| Untracked 
|1973|0x00000000ff500000, 0x00000000ff600000, 0x00000000ff600000|100%| O|  |TAMS 0x00000000ff500000| PB 0x00000000ff500000| Untracked 
|1974|0x00000000ff600000, 0x00000000ff700000, 0x00000000ff700000|100%| O|  |TAMS 0x00000000ff600000| PB 0x00000000ff600000| Untracked 
|1975|0x00000000ff700000, 0x00000000ff800000, 0x00000000ff800000|100%| O|  |TAMS 0x00000000ff700000| PB 0x00000000ff700000| Untracked 
|1976|0x00000000ff800000, 0x00000000ff900000, 0x00000000ff900000|100%| O|  |TAMS 0x00000000ff800000| PB 0x00000000ff800000| Untracked 
|1977|0x00000000ff900000, 0x00000000ffa00000, 0x00000000ffa00000|100%| O|  |TAMS 0x00000000ff900000| PB 0x00000000ff900000| Untracked 
|1978|0x00000000ffa00000, 0x00000000ffb00000, 0x00000000ffb00000|100%| O|  |TAMS 0x00000000ffa00000| PB 0x00000000ffa00000| Untracked 
|1979|0x00000000ffb00000, 0x00000000ffc00000, 0x00000000ffc00000|100%| O|  |TAMS 0x00000000ffb00000| PB 0x00000000ffb00000| Untracked 
|1980|0x00000000ffc00000, 0x00000000ffd00000, 0x00000000ffd00000|100%| O|  |TAMS 0x00000000ffc00000| PB 0x00000000ffc00000| Untracked 
|1981|0x00000000ffd00000, 0x00000000ffe00000, 0x00000000ffe00000|100%| O|  |TAMS 0x00000000ffd00000| PB 0x00000000ffd00000| Untracked 
|1982|0x00000000ffe00000, 0x00000000fff00000, 0x00000000fff00000|100%| E|CS|TAMS 0x00000000ffe00000| PB 0x00000000ffe00000| Complete 
|1983|0x00000000fff00000, 0x0000000100000000, 0x0000000100000000|100%| E|CS|TAMS 0x00000000fff00000| PB 0x00000000fff00000| Complete 

Card table byte_map: [0x000001d149530000,0x000001d149910000] _byte_map_base: 0x000001d149110000

Marking Bits: (CMBitMap*) 0x000001d1319dab90
 Bits: [0x000001d149910000, 0x000001d14b810000)

Polling page: 0x000001d131150000

Metaspace:

Usage:
  Non-class:     90.18 MB used.
      Class:     13.67 MB used.
       Both:    103.85 MB used.

Virtual space:
  Non-class space:      128.00 MB reserved,      90.69 MB ( 71%) committed,  2 nodes.
      Class space:        1.00 GB reserved,      14.12 MB (  1%) committed,  1 nodes.
             Both:        1.12 GB reserved,     104.81 MB (  9%) committed. 

Chunk freelists:
   Non-Class:  4.38 MB
       Class:  1.86 MB
        Both:  6.23 MB

MaxMetaspaceSize: unlimited
CompressedClassSpaceSize: 1.00 GB
Initial GC threshold: 21.00 MB
Current GC threshold: 174.19 MB
CDS: on
 - commit_granule_bytes: 65536.
 - commit_granule_words: 8192.
 - virtual_space_node_default_size: 8388608.
 - enlarge_chunks_in_place: 1.
 - use_allocation_guard: 0.


Internal statistics:

num_allocs_failed_limit: 15.
num_arena_births: 1466.
num_arena_deaths: 22.
num_vsnodes_births: 3.
num_vsnodes_deaths: 0.
num_space_committed: 1677.
num_space_uncommitted: 0.
num_chunks_returned_to_freelist: 48.
num_chunks_taken_from_freelist: 5404.
num_chunk_merges: 10.
num_chunk_splits: 3852.
num_chunks_enlarged: 2988.
num_inconsistent_stats: 0.

CodeHeap 'non-profiled nmethods': size=120000Kb used=5632Kb max_used=7891Kb free=114367Kb
 bounds [0x000001d1418f0000, 0x000001d1420b0000, 0x000001d148e20000]
CodeHeap 'profiled nmethods': size=120000Kb used=16006Kb max_used=22330Kb free=103993Kb
 bounds [0x000001d139e20000, 0x000001d13b3f0000, 0x000001d141350000]
CodeHeap 'non-nmethods': size=5760Kb used=2033Kb max_used=2085Kb free=3726Kb
 bounds [0x000001d141350000, 0x000001d1415c0000, 0x000001d1418f0000]
 total_blobs=9130 nmethods=8328 adapters=704
 compilation: enabled
              stopped_count=0, restarted_count=0
 full_count=0

Compilation events (20 events):
Event: 195.898 Thread 0x000001d14e24e9b0 13716       3       org.hibernate.sql.results.graph.collection.internal.AbstractCollectionInitializer::resolveKey (9 bytes)
Event: 195.898 Thread 0x000001d14e24e9b0 nmethod 13716 0x000001d13a3d5490 code [0x000001d13a3d5640, 0x000001d13a3d5900]
Event: 195.899 Thread 0x000001d14e24e9b0 13717       3       org.hibernate.sql.results.graph.collection.internal.AbstractNonJoinCollectionInitializer::resolveInstance (446 bytes)
Event: 195.904 Thread 0x000001d14e24e9b0 nmethod 13717 0x000001d13a03de10 code [0x000001d13a03e2a0, 0x000001d13a041218]
Event: 195.933 Thread 0x000001d14e24e9b0 13718       3       org.hibernate.engine.internal.StatefulPersistenceContext::getEntityHolder (6 bytes)
Event: 195.934 Thread 0x000001d14e24e9b0 nmethod 13718 0x000001d13a89fe90 code [0x000001d13a8a0060, 0x000001d13a8a03f0]
Event: 195.934 Thread 0x000001d14e24e9b0 13721       3       java.io.BufferedWriter::growIfNeeded (63 bytes)
Event: 195.935 Thread 0x000001d14e24e9b0 nmethod 13721 0x000001d13a477e10 code [0x000001d13a477fc0, 0x000001d13a4782b0]
Event: 195.935 Thread 0x000001d14e24e9b0 13719       3       org.hibernate.engine.internal.StatefulPersistenceContext::getEntityHolder (23 bytes)
Event: 195.935 Thread 0x000001d14e24e9b0 nmethod 13719 0x000001d139eb7b10 code [0x000001d139eb7cc0, 0x000001d139eb7fe0]
Event: 195.935 Thread 0x000001d14e24e9b0 13720       3       org.hibernate.internal.util.NullnessHelper::coalesceSuppliedValues (10 bytes)
Event: 195.936 Thread 0x000001d14e24e9b0 nmethod 13720 0x000001d13a479110 code [0x000001d13a4792e0, 0x000001d13a479588]
Event: 196.028 Thread 0x000001d14e24e9b0 13722   !   3       java.io.PrintStream::writeln (81 bytes)
Event: 196.029 Thread 0x000001d14e24e9b0 nmethod 13722 0x000001d13a7d2b10 code [0x000001d13a7d2de0, 0x000001d13a7d3bc8]
Event: 196.029 Thread 0x000001d14e24e9b0 13723       3       java.io.PrintStream::implWriteln (48 bytes)
Event: 196.030 Thread 0x000001d14e24e9b0 nmethod 13723 0x000001d139e72710 code [0x000001d139e72980, 0x000001d139e73390]
Event: 196.044 Thread 0x000001d14e24e9b0 13724       1       org.hibernate.loader.ast.internal.SingleIdLoadPlan$SingleIdExecutionContext::getEntityInstance (5 bytes)
Event: 196.045 Thread 0x000001d14e24e9b0 nmethod 13724 0x000001d141bafc10 code [0x000001d141bafda0, 0x000001d141bafe68]
Event: 196.061 Thread 0x000001d14e24a980 13725   !   4       org.hibernate.type.descriptor.java.DataHelper::extractString (116 bytes)
Event: 196.109 Thread 0x000001d14e24a980 nmethod 13725 0x000001d1419df390 code [0x000001d1419df6a0, 0x000001d1419e1cf8]

GC Heap History (20 events):
Event: 19.646 GC heap before
{Heap before GC invocations=25 (full 0):
 garbage-first heap   total 157696K, used 133120K [0x0000000084000000, 0x0000000100000000)
  region size 1024K, 40 young (40960K), 6 survivors (6144K)
 Metaspace       used 79944K, committed 80640K, reserved 1179648K
  class space    used 10765K, committed 11072K, reserved 1048576K
}
Event: 19.655 GC heap after
{Heap after GC invocations=26 (full 0):
 garbage-first heap   total 315392K, used 102928K [0x0000000084000000, 0x0000000100000000)
  region size 1024K, 4 young (4096K), 4 survivors (4096K)
 Metaspace       used 79944K, committed 80640K, reserved 1179648K
  class space    used 10765K, committed 11072K, reserved 1048576K
}
Event: 20.458 GC heap before
{Heap before GC invocations=27 (full 0):
 garbage-first heap   total 315392K, used 238096K [0x0000000084000000, 0x0000000100000000)
  region size 1024K, 142 young (145408K), 4 survivors (4096K)
 Metaspace       used 80203K, committed 80960K, reserved 1179648K
  class space    used 10785K, committed 11136K, reserved 1048576K
}
Event: 20.464 GC heap after
{Heap after GC invocations=28 (full 0):
 garbage-first heap   total 315392K, used 95281K [0x0000000084000000, 0x0000000100000000)
  region size 1024K, 3 young (3072K), 3 survivors (3072K)
 Metaspace       used 80203K, committed 80960K, reserved 1179648K
  class space    used 10785K, committed 11136K, reserved 1048576K
}
Event: 23.896 GC heap before
{Heap before GC invocations=28 (full 0):
 garbage-first heap   total 315392K, used 280625K [0x0000000084000000, 0x0000000100000000)
  region size 1024K, 184 young (188416K), 3 survivors (3072K)
 Metaspace       used 92290K, committed 93120K, reserved 1179648K
  class space    used 12147K, committed 12544K, reserved 1048576K
}
Event: 23.911 GC heap after
{Heap after GC invocations=29 (full 0):
 garbage-first heap   total 315392K, used 101052K [0x0000000084000000, 0x0000000100000000)
  region size 1024K, 12 young (12288K), 12 survivors (12288K)
 Metaspace       used 92290K, committed 93120K, reserved 1179648K
  class space    used 12147K, committed 12544K, reserved 1048576K
}
Event: 112.186 GC heap before
{Heap before GC invocations=29 (full 0):
 garbage-first heap   total 315392K, used 193212K [0x0000000084000000, 0x0000000100000000)
  region size 1024K, 103 young (105472K), 12 survivors (12288K)
 Metaspace       used 99835K, committed 100736K, reserved 1179648K
  class space    used 13248K, committed 13696K, reserved 1048576K
}
Event: 112.340 GC heap after
{Heap after GC invocations=30 (full 0):
 garbage-first heap   total 315392K, used 105606K [0x0000000084000000, 0x0000000100000000)
  region size 1024K, 17 young (17408K), 17 survivors (17408K)
 Metaspace       used 99835K, committed 100736K, reserved 1179648K
  class space    used 13248K, committed 13696K, reserved 1048576K
}
Event: 139.751 GC heap before
{Heap before GC invocations=31 (full 0):
 garbage-first heap   total 339968K, used 338054K [0x0000000084000000, 0x0000000100000000)
  region size 1024K, 62 young (63488K), 17 survivors (17408K)
 Metaspace       used 104894K, committed 105856K, reserved 1179648K
  class space    used 13905K, committed 14336K, reserved 1048576K
}
Event: 139.818 GC heap after
{Heap after GC invocations=32 (full 0):
 garbage-first heap   total 359424K, used 137906K [0x0000000084000000, 0x0000000100000000)
  region size 1024K, 8 young (8192K), 8 survivors (8192K)
 Metaspace       used 104894K, committed 105856K, reserved 1179648K
  class space    used 13905K, committed 14336K, reserved 1048576K
}
Event: 150.006 GC heap before
{Heap before GC invocations=32 (full 0):
 garbage-first heap   total 361472K, used 360114K [0x0000000084000000, 0x0000000100000000)
  region size 1024K, 31 young (31744K), 8 survivors (8192K)
 Metaspace       used 105521K, committed 106432K, reserved 1179648K
  class space    used 13928K, committed 14336K, reserved 1048576K
}
Event: 150.076 GC heap after
{Heap after GC invocations=33 (full 0):
 garbage-first heap   total 370688K, used 165849K [0x0000000084000000, 0x0000000100000000)
  region size 1024K, 8 young (8192K), 8 survivors (8192K)
 Metaspace       used 105521K, committed 106432K, reserved 1179648K
  class space    used 13928K, committed 14336K, reserved 1048576K
}
Event: 150.608 GC heap before
{Heap before GC invocations=33 (full 0):
 garbage-first heap   total 370688K, used 168921K [0x0000000084000000, 0x0000000100000000)
  region size 1024K, 12 young (12288K), 8 survivors (8192K)
 Metaspace       used 105577K, committed 106496K, reserved 1179648K
  class space    used 13929K, committed 14336K, reserved 1048576K
}
Event: 150.625 GC heap after
{Heap after GC invocations=34 (full 0):
 garbage-first heap   total 370688K, used 157013K [0x0000000084000000, 0x0000000100000000)
  region size 1024K, 8 young (8192K), 8 survivors (8192K)
 Metaspace       used 105577K, committed 106496K, reserved 1179648K
  class space    used 13929K, committed 14336K, reserved 1048576K
}
Event: 172.857 GC heap before
{Heap before GC invocations=35 (full 0):
 garbage-first heap   total 537600K, used 535893K [0x0000000084000000, 0x0000000100000000)
  region size 1024K, 33 young (33792K), 8 survivors (8192K)
 Metaspace       used 105932K, committed 106880K, reserved 1179648K
  class space    used 13969K, committed 14400K, reserved 1048576K
}
Event: 172.877 GC heap after
{Heap after GC invocations=36 (full 0):
 garbage-first heap   total 545792K, used 284633K [0x0000000084000000, 0x0000000100000000)
  region size 1024K, 8 young (8192K), 8 survivors (8192K)
 Metaspace       used 105932K, committed 106880K, reserved 1179648K
  class space    used 13969K, committed 14400K, reserved 1048576K
}
Event: 191.799 GC heap before
{Heap before GC invocations=36 (full 0):
 garbage-first heap   total 741376K, used 740313K [0x0000000084000000, 0x0000000100000000)
  region size 1024K, 31 young (31744K), 8 survivors (8192K)
 Metaspace       used 106063K, committed 107008K, reserved 1179648K
  class space    used 13970K, committed 14400K, reserved 1048576K
}
Event: 191.845 GC heap after
{Heap after GC invocations=37 (full 0):
 garbage-first heap   total 750592K, used 399238K [0x0000000084000000, 0x0000000100000000)
  region size 1024K, 8 young (8192K), 8 survivors (8192K)
 Metaspace       used 106063K, committed 107008K, reserved 1179648K
  class space    used 13970K, committed 14400K, reserved 1048576K
}
Event: 192.525 GC heap before
{Heap before GC invocations=37 (full 0):
 garbage-first heap   total 750592K, used 403334K [0x0000000084000000, 0x0000000100000000)
  region size 1024K, 13 young (13312K), 8 survivors (8192K)
 Metaspace       used 106101K, committed 107008K, reserved 1179648K
  class space    used 13975K, committed 14400K, reserved 1048576K
}
Event: 192.547 GC heap after
{Heap after GC invocations=38 (full 0):
 garbage-first heap   total 750592K, used 400083K [0x0000000084000000, 0x0000000100000000)
  region size 1024K, 9 young (9216K), 9 survivors (9216K)
 Metaspace       used 106101K, committed 107008K, reserved 1179648K
  class space    used 13975K, committed 14400K, reserved 1048576K
}

Dll operation events (11 events):
Event: 0.020 Loaded shared library C:\Program Files\Java\jdk-21\bin\java.dll
Event: 0.070 Loaded shared library C:\Program Files\Java\jdk-21\bin\jsvml.dll
Event: 0.098 Loaded shared library C:\Program Files\Java\jdk-21\bin\net.dll
Event: 0.100 Loaded shared library C:\Program Files\Java\jdk-21\bin\nio.dll
Event: 0.105 Loaded shared library C:\Program Files\Java\jdk-21\bin\zip.dll
Event: 0.326 Loaded shared library C:\Program Files\Java\jdk-21\bin\jimage.dll
Event: 0.746 Loaded shared library C:\Program Files\Java\jdk-21\bin\management.dll
Event: 0.754 Loaded shared library C:\Program Files\Java\jdk-21\bin\management_ext.dll
Event: 2.521 Loaded shared library C:\Program Files\Java\jdk-21\bin\sunmscapi.dll
Event: 5.000 Loaded shared library C:\Program Files\Java\jdk-21\bin\verify.dll
Event: 7.635 Loaded shared library C:\Program Files\Java\jdk-21\bin\extnet.dll

Deoptimization events (20 events):
Event: 150.094 Thread 0x000001d19582e970 Uncommon trap: trap_request=0xffffff45 fr.pc=0x000001d142098ef4 relative=0x00000000000012f4
Event: 150.094 Thread 0x000001d19582e970 Uncommon trap: reason=unstable_if action=reinterpret pc=0x000001d142098ef4 method=com.mysql.cj.protocol.result.AbstractResultsetRow.decodeAndCreateReturnValue(I[BIILcom/mysql/cj/result/ValueFactory;)Ljava/lang/Object; @ 18 c2
Event: 150.094 Thread 0x000001d19582e970 DEOPT PACKING pc=0x000001d142098ef4 sp=0x00000056f9df9940
Event: 150.095 Thread 0x000001d19582e970 DEOPT UNPACKING pc=0x000001d1413a7da2 sp=0x00000056f9df98d8 mode 2
Event: 171.395 Thread 0x000001d195832b10 DEOPT PACKING pc=0x000001d13b15c414 sp=0x00000056fa2fb390
Event: 171.395 Thread 0x000001d195832b10 DEOPT UNPACKING pc=0x000001d1413a88e2 sp=0x00000056fa2fa8c8 mode 0
Event: 177.433 Thread 0x000001d195832b10 DEOPT PACKING pc=0x000001d13a033823 sp=0x00000056fa2fae50
Event: 177.433 Thread 0x000001d195832b10 DEOPT UNPACKING pc=0x000001d1413a88e2 sp=0x00000056fa2fa318 mode 0
Event: 192.232 Thread 0x000001d19582e970 Uncommon trap: trap_request=0xffffff45 fr.pc=0x000001d14209eb44 relative=0x0000000000000284
Event: 192.236 Thread 0x000001d19582e970 Uncommon trap: reason=unstable_if action=reinterpret pc=0x000001d14209eb44 method=org.springframework.web.cors.CorsUtils.isPreFlightRequest(Ljakarta/servlet/http/HttpServletRequest;)Z @ 12 c2
Event: 192.237 Thread 0x000001d19582e970 DEOPT PACKING pc=0x000001d14209eb44 sp=0x00000056f9dfdc20
Event: 192.238 Thread 0x000001d19582e970 DEOPT UNPACKING pc=0x000001d1413a7da2 sp=0x00000056f9dfdbb8 mode 2
Event: 192.650 Thread 0x000001d19582c8a0 DEOPT PACKING pc=0x000001d13b185980 sp=0x00000056f9ff7f70
Event: 192.651 Thread 0x000001d19582c8a0 DEOPT UNPACKING pc=0x000001d1413a88e2 sp=0x00000056f9ff7700 mode 0
Event: 193.188 Thread 0x000001d19582f000 DEOPT PACKING pc=0x000001d13b275e0a sp=0x00000056fa3f8d40
Event: 193.188 Thread 0x000001d19582f000 DEOPT UNPACKING pc=0x000001d1413a88e2 sp=0x00000056fa3f81b0 mode 0
Event: 195.836 Thread 0x000001d19582cf30 DEOPT PACKING pc=0x000001d13a3c1596 sp=0x00000056f9ef9800
Event: 195.837 Thread 0x000001d19582cf30 DEOPT UNPACKING pc=0x000001d1413a88e2 sp=0x00000056f9ef8ca8 mode 0
Event: 196.061 Thread 0x000001d19582cf30 DEOPT PACKING pc=0x000001d13b33931a sp=0x00000056f9ef9970
Event: 196.062 Thread 0x000001d19582cf30 DEOPT UNPACKING pc=0x000001d1413a88e2 sp=0x00000056f9ef8e68 mode 0

Classes loaded (20 events):
Event: 128.726 Loading class sun/nio/cs/Surrogate$Parser
Event: 128.726 Loading class sun/nio/cs/Surrogate$Parser done
Event: 128.726 Loading class sun/nio/cs/Surrogate
Event: 128.727 Loading class sun/nio/cs/Surrogate done
Event: 148.033 Loading class java/util/stream/ReferencePipeline$4
Event: 148.044 Loading class java/util/stream/ReferencePipeline$4 done
Event: 148.058 Loading class java/util/function/IntBinaryOperator
Event: 148.060 Loading class java/util/function/IntBinaryOperator done
Event: 148.067 Loading class java/util/stream/ReduceOps$7
Event: 148.070 Loading class java/util/stream/ReduceOps$7 done
Event: 148.070 Loading class java/util/stream/ReduceOps$6ReducingSink
Event: 148.073 Loading class java/util/stream/ReduceOps$6ReducingSink done
Event: 148.073 Loading class java/util/stream/ReferencePipeline$4$1
Event: 148.074 Loading class java/util/stream/ReferencePipeline$4$1 done
Event: 148.136 Loading class sun/nio/cs/ISO_8859_1$Encoder
Event: 148.140 Loading class sun/nio/cs/ISO_8859_1$Encoder done
Event: 148.141 Loading class java/io/PrintWriter$1
Event: 148.195 Loading class jdk/internal/access/JavaIOPrintWriterAccess
Event: 148.215 Loading class jdk/internal/access/JavaIOPrintWriterAccess done
Event: 148.215 Loading class java/io/PrintWriter$1 done

Classes unloaded (11 events):
Event: 151.362 Thread 0x000001d12f82cf10 Unloading class 0x000001d150bf8000 'jdk/internal/reflect/GeneratedSerializationConstructorAccessor11'
Event: 151.363 Thread 0x000001d12f82cf10 Unloading class 0x000001d150beac00 'jdk/internal/reflect/GeneratedSerializationConstructorAccessor10'
Event: 151.363 Thread 0x000001d12f82cf10 Unloading class 0x000001d150be9400 'jdk/internal/reflect/GeneratedSerializationConstructorAccessor9'
Event: 151.363 Thread 0x000001d12f82cf10 Unloading class 0x000001d150be9000 'jdk/internal/reflect/GeneratedSerializationConstructorAccessor8'
Event: 151.364 Thread 0x000001d12f82cf10 Unloading class 0x000001d150be8c00 'jdk/internal/reflect/GeneratedSerializationConstructorAccessor7'
Event: 151.364 Thread 0x000001d12f82cf10 Unloading class 0x000001d150be6400 'jdk/internal/reflect/GeneratedSerializationConstructorAccessor6'
Event: 151.364 Thread 0x000001d12f82cf10 Unloading class 0x000001d150be4800 'jdk/internal/reflect/GeneratedSerializationConstructorAccessor5'
Event: 151.364 Thread 0x000001d12f82cf10 Unloading class 0x000001d150bdb400 'jdk/internal/reflect/GeneratedSerializationConstructorAccessor4'
Event: 151.364 Thread 0x000001d12f82cf10 Unloading class 0x000001d150bd9c00 'jdk/internal/reflect/GeneratedSerializationConstructorAccessor3'
Event: 151.364 Thread 0x000001d12f82cf10 Unloading class 0x000001d150bd8000 'jdk/internal/reflect/GeneratedSerializationConstructorAccessor2'
Event: 151.364 Thread 0x000001d12f82cf10 Unloading class 0x000001d150bc8400 'jdk/internal/reflect/GeneratedSerializationConstructorAccessor1'

Classes redefined (0 events):
No events

Internal exceptions (20 events):
Event: 111.486 Thread 0x000001d19582e2e0 Exception <a 'java/lang/IncompatibleClassChangeError'{0x0000000091b20728}: Found class java.lang.Object, but interface was expected> (0x0000000091b20728) 
thrown [s\open\src\hotspot\share\interpreter\linkResolver.cpp, line 840]
Event: 111.486 Thread 0x000001d19582dc50 Exception <a 'java/lang/IncompatibleClassChangeError'{0x0000000091d57de0}: Found class java.lang.Object, but interface was expected> (0x0000000091d57de0) 
thrown [s\open\src\hotspot\share\interpreter\linkResolver.cpp, line 840]
Event: 113.505 Thread 0x000001d19582e2e0 Exception <a 'java/lang/IncompatibleClassChangeError'{0x0000000097003f18}: Found class java.lang.Object, but interface was expected> (0x0000000097003f18) 
thrown [s\open\src\hotspot\share\interpreter\linkResolver.cpp, line 840]
Event: 113.879 Thread 0x000001d19582e2e0 Exception <a 'java/lang/NoSuchMethodError'{0x0000000097043888}: 'void java.lang.invoke.DirectMethodHandle$Holder.invokeSpecialIFC(java.lang.Object, java.lang.Object, int, java.lang.Object, java.lang.Object, java.lang.Object, java.lang.Object)'> (0x0000000097043888) 
thrown [s\open\src\hotspot\share\interpreter\linkResolver.cpp, line 773]
Event: 114.257 Thread 0x000001d19582dc50 Exception <a 'java/lang/IncompatibleClassChangeError'{0x0000000096f22548}: Found class java.lang.Object, but interface was expected> (0x0000000096f22548) 
thrown [s\open\src\hotspot\share\interpreter\linkResolver.cpp, line 840]
Event: 115.242 Thread 0x000001d19582dc50 Implicit null exception at 0x000001d141e50f02 to 0x000001d141e513a4
Event: 122.947 Thread 0x000001d19582e2e0 Exception <a 'java/io/IOException'{0x00000000964af918}> (0x00000000964af918) 
thrown [s\open\src\hotspot\share\prims\jni.cpp, line 520]
Event: 123.012 Thread 0x000001d19582e2e0 Exception <a 'java/io/IOException'{0x00000000963bc038}> (0x00000000963bc038) 
thrown [s\open\src\hotspot\share\prims\jni.cpp, line 520]
Event: 123.021 Thread 0x000001d19582e2e0 Exception <a 'java/io/IOException'{0x00000000963c51d0}> (0x00000000963c51d0) 
thrown [s\open\src\hotspot\share\prims\jni.cpp, line 520]
Event: 124.503 Thread 0x000001d19582e970 Exception <a 'java/io/IOException'{0x000000009602c4c8}> (0x000000009602c4c8) 
thrown [s\open\src\hotspot\share\prims\jni.cpp, line 520]
Event: 124.517 Thread 0x000001d19582e970 Exception <a 'java/io/IOException'{0x000000009608e8e8}> (0x000000009608e8e8) 
thrown [s\open\src\hotspot\share\prims\jni.cpp, line 520]
Event: 124.519 Thread 0x000001d19582e970 Exception <a 'java/io/IOException'{0x000000009609bcc0}> (0x000000009609bcc0) 
thrown [s\open\src\hotspot\share\prims\jni.cpp, line 520]
Event: 128.004 Thread 0x000001d19582c8a0 Exception <a 'java/lang/NoSuchMethodError'{0x000000009576faa8}: 'int java.lang.invoke.DirectMethodHandle$Holder.invokeStatic(java.lang.Object, java.lang.Object, int, int)'> (0x000000009576faa8) 
thrown [s\open\src\hotspot\share\interpreter\linkResolver.cpp, line 773]
Event: 129.719 Thread 0x000001d19582b4f0 Exception <a 'java/lang/NoSuchMethodError'{0x0000000095050320}: 'java.lang.Object java.lang.invoke.DirectMethodHandle$Holder.invokeInterface(java.lang.Object, java.lang.Object, java.lang.Object, java.lang.Object, java.lang.Object)'> (0x0000000095050320) 
thrown [s\open\src\hotspot\share\interpreter\linkResolver.cpp, line 773]
Event: 137.452 Thread 0x000001d19582dc50 Exception <a 'java/io/IOException'{0x000000009488ddb8}> (0x000000009488ddb8) 
thrown [s\open\src\hotspot\share\prims\jni.cpp, line 520]
Event: 137.471 Thread 0x000001d19582dc50 Exception <a 'java/io/IOException'{0x00000000948fb050}> (0x00000000948fb050) 
thrown [s\open\src\hotspot\share\prims\jni.cpp, line 520]
Event: 137.474 Thread 0x000001d19582dc50 Exception <a 'java/io/IOException'{0x00000000948fd188}> (0x00000000948fd188) 
thrown [s\open\src\hotspot\share\prims\jni.cpp, line 520]
Event: 148.701 Thread 0x000001d195830a40 Implicit null exception at 0x000001d141e209fd to 0x000001d141e20b88
Event: 170.417 Thread 0x000001d19582d5c0 Exception <a 'java/lang/NoSuchMethodError'{0x000000009833dce8}: 'java.lang.Object java.lang.invoke.DelegatingMethodHandle$Holder.reinvoke_L(java.lang.Object, java.lang.Object, int, int, java.lang.Object, java.lang.Object)'> (0x000000009833dce8) 
thrown [s\open\src\hotspot\share\interpreter\linkResolver.cpp, line 773]
Event: 172.880 Thread 0x000001d19582d5c0 Exception <a 'java/lang/NoSuchMethodError'{0x00000000fff4ba90}: 'long java.lang.invoke.DelegatingMethodHandle$Holder.reinvoke_L(java.lang.Object, java.lang.Object)'> (0x00000000fff4ba90) 
thrown [s\open\src\hotspot\share\interpreter\linkResolver.cpp, line 773]

ZGC Phase Switch (0 events):
No events

VM Operations (20 events):
Event: 180.228 Executing VM operation: RendezvousGCThreads
Event: 180.228 Executing VM operation: RendezvousGCThreads done
Event: 181.238 Executing VM operation: Cleanup
Event: 181.238 Executing VM operation: Cleanup done
Event: 182.241 Executing VM operation: Cleanup
Event: 182.241 Executing VM operation: Cleanup done
Event: 191.797 Executing VM operation: G1CollectForAllocation (G1 Evacuation Pause)
Event: 191.846 Executing VM operation: G1CollectForAllocation (G1 Evacuation Pause) done
Event: 192.525 Executing VM operation: G1TryInitiateConcMark (G1 Humongous Allocation)
Event: 192.552 Executing VM operation: G1TryInitiateConcMark (G1 Humongous Allocation) done
Event: 192.769 Executing VM operation: G1PauseRemark
Event: 192.847 Executing VM operation: G1PauseRemark done
Event: 192.919 Executing VM operation: G1PauseCleanup
Event: 192.919 Executing VM operation: G1PauseCleanup done
Event: 193.926 Executing VM operation: Cleanup
Event: 193.942 Executing VM operation: Cleanup done
Event: 194.956 Executing VM operation: Cleanup
Event: 194.987 Executing VM operation: Cleanup done
Event: 195.997 Executing VM operation: Cleanup
Event: 195.998 Executing VM operation: Cleanup done

Events (20 events):
Event: 192.840 Thread 0x000001d12f82cf10 flushing nmethod 0x000001d13a8ba690
Event: 192.841 Thread 0x000001d12f82cf10 flushing nmethod 0x000001d13a8bfe10
Event: 192.841 Thread 0x000001d12f82cf10 flushing nmethod 0x000001d13a8c1890
Event: 192.841 Thread 0x000001d12f82cf10 flushing nmethod 0x000001d13a8efa10
Event: 192.841 Thread 0x000001d12f82cf10 flushing nmethod 0x000001d13a8f0810
Event: 192.841 Thread 0x000001d12f82cf10 flushing nmethod 0x000001d13a900410
Event: 192.841 Thread 0x000001d12f82cf10 flushing nmethod 0x000001d13a901e10
Event: 192.841 Thread 0x000001d12f82cf10 flushing nmethod 0x000001d13aaf2a90
Event: 192.841 Thread 0x000001d12f82cf10 flushing nmethod 0x000001d13ab1ff90
Event: 192.841 Thread 0x000001d12f82cf10 flushing nmethod 0x000001d13ab22410
Event: 192.841 Thread 0x000001d12f82cf10 flushing nmethod 0x000001d13ab28810
Event: 192.841 Thread 0x000001d12f82cf10 flushing nmethod 0x000001d13abe5810
Event: 192.841 Thread 0x000001d12f82cf10 flushing nmethod 0x000001d13ad5a710
Event: 192.841 Thread 0x000001d12f82cf10 flushing nmethod 0x000001d13b08ec90
Event: 192.841 Thread 0x000001d12f82cf10 flushing nmethod 0x000001d13b092610
Event: 192.841 Thread 0x000001d12f82cf10 flushing nmethod 0x000001d13b094410
Event: 192.841 Thread 0x000001d12f82cf10 flushing nmethod 0x000001d13b095d90
Event: 192.841 Thread 0x000001d12f82cf10 flushing nmethod 0x000001d13b150290
Event: 192.841 Thread 0x000001d12f82cf10 flushing nmethod 0x000001d13b153810
Event: 192.841 Thread 0x000001d12f82cf10 flushing nmethod 0x000001d13b158810


Dynamic libraries:
0x00007ff75ce40000 - 0x00007ff75ce50000 	C:\Program Files\Java\jdk-21\bin\java.exe
0x00007ff986cb0000 - 0x00007ff986ec7000 	C:\WINDOWS\SYSTEM32\ntdll.dll
0x00007ff985730000 - 0x00007ff9857f4000 	C:\WINDOWS\System32\KERNEL32.DLL
0x00007ff9840d0000 - 0x00007ff9844a2000 	C:\WINDOWS\System32\KERNELBASE.dll
0x00007ff984510000 - 0x00007ff984621000 	C:\WINDOWS\System32\ucrtbase.dll
0x00007ff977c20000 - 0x00007ff977c3b000 	C:\Program Files\Java\jdk-21\bin\VCRUNTIME140.dll
0x00007ff97f610000 - 0x00007ff97f629000 	C:\Program Files\Java\jdk-21\bin\jli.dll
0x00007ff984a20000 - 0x00007ff984ad1000 	C:\WINDOWS\System32\ADVAPI32.dll
0x00007ff984dc0000 - 0x00007ff984e67000 	C:\WINDOWS\System32\msvcrt.dll
0x00007ff986bc0000 - 0x00007ff986c68000 	C:\WINDOWS\System32\sechost.dll
0x00007ff9844e0000 - 0x00007ff984508000 	C:\WINDOWS\System32\bcrypt.dll
0x00007ff985440000 - 0x00007ff985557000 	C:\WINDOWS\System32\RPCRT4.dll
0x00007ff986a00000 - 0x00007ff986bb1000 	C:\WINDOWS\System32\USER32.dll
0x00007ff983070000 - 0x00007ff98330b000 	C:\WINDOWS\WinSxS\amd64_microsoft.windows.common-controls_6595b64144ccf1df_6.0.22621.5697_none_27154c497380d676\COMCTL32.dll
0x00007ff9844b0000 - 0x00007ff9844d6000 	C:\WINDOWS\System32\win32u.dll
0x00007ff9855e0000 - 0x00007ff985609000 	C:\WINDOWS\System32\GDI32.dll
0x00007ff9846d0000 - 0x00007ff9847f3000 	C:\WINDOWS\System32\gdi32full.dll
0x00007ff984630000 - 0x00007ff9846ca000 	C:\WINDOWS\System32\msvcp_win.dll
0x00007ff97b530000 - 0x00007ff97b53a000 	C:\WINDOWS\SYSTEM32\VERSION.dll
0x00007ff985400000 - 0x00007ff985431000 	C:\WINDOWS\System32\IMM32.DLL
0x00007ff97e7d0000 - 0x00007ff97e7dc000 	C:\Program Files\Java\jdk-21\bin\vcruntime140_1.dll
0x00007ff977b90000 - 0x00007ff977c1e000 	C:\Program Files\Java\jdk-21\bin\msvcp140.dll
0x00007ff92aeb0000 - 0x00007ff92bbcd000 	C:\Program Files\Java\jdk-21\bin\server\jvm.dll
0x00007ff985560000 - 0x00007ff9855d1000 	C:\WINDOWS\System32\WS2_32.dll
0x00007ff983c70000 - 0x00007ff983cbd000 	C:\WINDOWS\SYSTEM32\POWRPROF.dll
0x00007ff97e940000 - 0x00007ff97e974000 	C:\WINDOWS\SYSTEM32\WINMM.dll
0x00007ff983c50000 - 0x00007ff983c63000 	C:\WINDOWS\SYSTEM32\UMPDC.dll
0x00007ff982480000 - 0x00007ff982498000 	C:\WINDOWS\SYSTEM32\kernel.appcore.dll
0x00007ff978f00000 - 0x00007ff978f0a000 	C:\Program Files\Java\jdk-21\bin\jimage.dll
0x00007ff983620000 - 0x00007ff983853000 	C:\WINDOWS\SYSTEM32\DBGHELP.DLL
0x00007ff984fd0000 - 0x00007ff985362000 	C:\WINDOWS\System32\combase.dll
0x00007ff984940000 - 0x00007ff984a18000 	C:\WINDOWS\System32\OLEAUT32.dll
0x00007ff983500000 - 0x00007ff983532000 	C:\WINDOWS\SYSTEM32\dbgcore.DLL
0x00007ff9848c0000 - 0x00007ff98493b000 	C:\WINDOWS\System32\bcryptPrimitives.dll
0x00007ff977b70000 - 0x00007ff977b8f000 	C:\Program Files\Java\jdk-21\bin\java.dll
0x00007ff986150000 - 0x00007ff9869f1000 	C:\WINDOWS\System32\SHELL32.dll
0x00007ff983e20000 - 0x00007ff983f5f000 	C:\WINDOWS\System32\wintypes.dll
0x00007ff981230000 - 0x00007ff981b4a000 	C:\WINDOWS\SYSTEM32\windows.storage.dll
0x00007ff984ae0000 - 0x00007ff984beb000 	C:\WINDOWS\System32\SHCORE.dll
0x00007ff985e00000 - 0x00007ff985e69000 	C:\WINDOWS\System32\shlwapi.dll
0x00007ff983cd0000 - 0x00007ff983cfb000 	C:\WINDOWS\SYSTEM32\profapi.dll
0x00007ff937020000 - 0x00007ff9370f7000 	C:\Program Files\Java\jdk-21\bin\jsvml.dll
0x00007ff9783b0000 - 0x00007ff9783c0000 	C:\Program Files\Java\jdk-21\bin\net.dll
0x00007ff97fa60000 - 0x00007ff97fb8c000 	C:\WINDOWS\SYSTEM32\WINHTTP.dll
0x00007ff982920000 - 0x00007ff982989000 	C:\WINDOWS\system32\mswsock.dll
0x00007ff977b30000 - 0x00007ff977b46000 	C:\Program Files\Java\jdk-21\bin\nio.dll
0x00007ff977b50000 - 0x00007ff977b68000 	C:\Program Files\Java\jdk-21\bin\zip.dll
0x00007ff96bb90000 - 0x00007ff96bb9a000 	C:\Program Files\Java\jdk-21\bin\management.dll
0x00007ff96bb40000 - 0x00007ff96bb4b000 	C:\Program Files\Java\jdk-21\bin\management_ext.dll
0x00007ff985610000 - 0x00007ff985618000 	C:\WINDOWS\System32\PSAPI.DLL
0x00007ff977b00000 - 0x00007ff977b0e000 	C:\Program Files\Java\jdk-21\bin\sunmscapi.dll
0x00007ff983f60000 - 0x00007ff9840c8000 	C:\WINDOWS\System32\CRYPT32.dll
0x00007ff982f50000 - 0x00007ff982f7d000 	C:\WINDOWS\SYSTEM32\ncrypt.dll
0x00007ff982e60000 - 0x00007ff982e97000 	C:\WINDOWS\SYSTEM32\NTASN1.dll
0x00007ff977b20000 - 0x00007ff977b30000 	C:\Program Files\Java\jdk-21\bin\verify.dll
0x00007ff983950000 - 0x00007ff98396b000 	C:\WINDOWS\SYSTEM32\CRYPTSP.dll
0x00007ff982bf0000 - 0x00007ff982c27000 	C:\WINDOWS\system32\rsaenh.dll
0x00007ff982a00000 - 0x00007ff982a28000 	C:\WINDOWS\SYSTEM32\USERENV.dll
0x00007ff982dc0000 - 0x00007ff982dcc000 	C:\WINDOWS\SYSTEM32\CRYPTBASE.dll
0x00007ff981f20000 - 0x00007ff981f4d000 	C:\WINDOWS\SYSTEM32\IPHLPAPI.DLL
0x00007ff985ce0000 - 0x00007ff985ce9000 	C:\WINDOWS\System32\NSI.dll
0x00007ff981f50000 - 0x00007ff982048000 	C:\WINDOWS\SYSTEM32\DNSAPI.dll
0x00007ff97e450000 - 0x00007ff97e45a000 	C:\Windows\System32\rasadhlp.dll
0x00007ff97c3a0000 - 0x00007ff97c424000 	C:\WINDOWS\System32\fwpuclnt.dll
0x00007ff977b10000 - 0x00007ff977b19000 	C:\Program Files\Java\jdk-21\bin\extnet.dll
0x00007ff8f1370000 - 0x00007ff8f1378000 	C:\WINDOWS\system32\wshunix.dll

dbghelp: loaded successfully - version: 4.0.5 - missing functions: none
symbol engine: initialized successfully - sym options: 0x614 - pdb path: .;C:\Program Files\Java\jdk-21\bin;C:\WINDOWS\SYSTEM32;C:\WINDOWS\WinSxS\amd64_microsoft.windows.common-controls_6595b64144ccf1df_6.0.22621.5697_none_27154c497380d676;C:\Program Files\Java\jdk-21\bin\server

VM Arguments:
jvm_args: -Dfile.encoding=UTF-8 -Duser.country=US -Duser.language=en -Duser.variant 
java_command: com.example.WorkWite_Repo_BE.WorkWiteRepoBeApplication
java_class_path (initial): C:\Users\thanh\.gradle\.tmp\gradle-javaexec-classpath10993888723108941855.jar
Launcher Type: SUN_STANDARD

[Global flags]
     intx CICompilerCount                          = 4                                         {product} {ergonomic}
     uint ConcGCThreads                            = 2                                         {product} {ergonomic}
     uint G1ConcRefinementThreads                  = 8                                         {product} {ergonomic}
   size_t G1HeapRegionSize                         = 1048576                                   {product} {ergonomic}
    uintx GCDrainStackTargetSize                   = 64                                        {product} {ergonomic}
   size_t InitialHeapSize                          = 130023424                                 {product} {ergonomic}
   size_t MarkStackSize                            = 4194304                                   {product} {ergonomic}
   size_t MaxHeapSize                              = 2080374784                                {product} {ergonomic}
   size_t MaxNewSize                               = 1247805440                                {product} {ergonomic}
   size_t MinHeapDeltaBytes                        = 1048576                                   {product} {ergonomic}
   size_t MinHeapSize                              = 8388608                                   {product} {ergonomic}
    uintx NonNMethodCodeHeapSize                   = 5839372                                {pd product} {ergonomic}
    uintx NonProfiledCodeHeapSize                  = 122909434                              {pd product} {ergonomic}
    uintx ProfiledCodeHeapSize                     = 122909434                              {pd product} {ergonomic}
    uintx ReservedCodeCacheSize                    = 251658240                              {pd product} {ergonomic}
     bool SegmentedCodeCache                       = true                                      {product} {ergonomic}
   size_t SoftMaxHeapSize                          = 2080374784                             {manageable} {ergonomic}
     bool UseCompressedOops                        = true                           {product lp64_product} {ergonomic}
     bool UseG1GC                                  = true                                      {product} {ergonomic}
     bool UseLargePagesIndividualAllocation        = false                                  {pd product} {ergonomic}

Logging:
Log output configuration:
 #0: stdout all=warning uptime,level,tags foldmultilines=false
 #1: stderr all=off uptime,level,tags foldmultilines=false

Environment Variables:
PATH=C:\Program Files\Common Files\Oracle\Java\javapath;C:\WINDOWS\system32;C:\WINDOWS;C:\WINDOWS\System32\Wbem;C:\WINDOWS\System32\WindowsPowerShell\v1.0\;C:\WINDOWS\System32\OpenSSH\;C:\Program Files\dotnet\;C:\Program Files\Git\cmd;C:\xampp\php;C:\ProgramData\ComposerSetup\bin;C:\Program Files\nodejs\;C:\Program Files\MySQL\MySQL Shell 8.0\bin\;C:\Users\thanh\AppData\Local\Microsoft\WindowsApps;E:\Microsoft Visual Studio\Microsoft VS Code\bin;C:\Users\thanh\AppData\Roaming\Composer\vendor\bin;C:\Users\thanh\AppData\Roaming\npm;C:\Program Files\JetBrains\IntelliJ IDEA 2025.1.3\bin;;C:\Program Files\JetBrains\IntelliJ IDEA Community Edition 2025.2\bin
USERNAME=thanh
OS=Windows_NT
PROCESSOR_IDENTIFIER=Intel64 Family 6 Model 140 Stepping 1, GenuineIntel
TMP=C:\Users\thanh\AppData\Local\Temp
TEMP=C:\Users\thanh\AppData\Local\Temp




Periodic native trim disabled

---------------  S Y S T E M  ---------------

OS:
 Windows 11 , 64 bit Build 22621 (10.0.22621.5415)
OS uptime: 8 days 0:52 hours
Hyper-V role detected

CPU: total 8 (initial active 8) (4 cores per cpu, 2 threads per core) family 6 model 140 stepping 1 microcode 0xa4, cx8, cmov, fxsr, ht, mmx, 3dnowpref, sse, sse2, sse3, ssse3, sse4.1, sse4.2, popcnt, lzcnt, tsc, tscinvbit, avx, avx2, aes, erms, clmul, bmi1, bmi2, adx, avx512f, avx512dq, avx512cd, avx512bw, avx512vl, sha, fma, vzeroupper, avx512_vpopcntdq, avx512_vpclmulqdq, avx512_vaes, avx512_vnni, clflush, clflushopt, clwb, avx512_vbmi2, avx512_vbmi, hv, rdtscp, rdpid, fsrm, gfni, avx512_bitalg, f16c, cet_ibt, cet_ss, avx512_ifma
Processor Information for all 8 processors :
  Max Mhz: 2611, Current Mhz: 2611, Mhz Limit: 2611

Memory: 4k page, system-wide physical 7930M (285M free)
TotalPageFile size 26434M (AvailPageFile size 41M)
current process WorkingSet (physical memory assigned to process): 492M, peak: 630M
current process commit charge ("private bytes"): 1295M, peak: 1296M

vm_info: Java HotSpot(TM) 64-Bit Server VM (21.0.8+12-LTS-250) for windows-amd64 JRE (21.0.8+12-LTS-250), built on 2025-06-27T08:11:22Z by "mach5one" with MS VC++ 17.6 (VS2022)

END.
